[{"model": "admin.logentry", "pk": 1, "fields": {"action_time": "2023-12-08T14:49:35.950Z", "user": 1, "content_type": 14, "object_id": "1", "object_repr": "Pictures object (1)", "action_flag": 1, "change_message": "[{\"added\": {}}]"}}, {"model": "admin.logentry", "pk": 2, "fields": {"action_time": "2023-12-08T14:57:15.135Z", "user": 1, "content_type": 13, "object_id": "1", "object_repr": "Halal Inc.", "action_flag": 1, "change_message": "[{\"added\": {}}]"}}, {"model": "admin.logentry", "pk": 3, "fields": {"action_time": "2023-12-08T14:57:35.251Z", "user": 1, "content_type": 12, "object_id": "1", "object_repr": "asda", "action_flag": 1, "change_message": "[{\"added\": {}}]"}}, {"model": "admin.logentry", "pk": 4, "fields": {"action_time": "2023-12-08T14:57:38.674Z", "user": 1, "content_type": 12, "object_id": "1", "object_repr": "asda", "action_flag": 3, "change_message": ""}}, {"model": "admin.logentry", "pk": 5, "fields": {"action_time": "2023-12-08T16:39:36.973Z", "user": 1, "content_type": 12, "object_id": "1", "object_repr": "Rinkeby Torg 1", "action_flag": 3, "change_message": ""}}, {"model": "admin.logentry", "pk": 6, "fields": {"action_time": "2023-12-08T20:29:35.587Z", "user": 1, "content_type": 12, "object_id": "2", "object_repr": "unknown", "action_flag": 3, "change_message": ""}}, {"model": "admin.logentry", "pk": 7, "fields": {"action_time": "2023-12-08T20:29:39.078Z", "user": 1, "content_type": 12, "object_id": "1", "object_repr": "unknown", "action_flag": 3, "change_message": ""}}, {"model": "admin.logentry", "pk": 8, "fields": {"action_time": "2023-12-08T20:58:29.980Z", "user": 1, "content_type": 12, "object_id": "3", "object_repr": "unknown", "action_flag": 3, "change_message": ""}}, {"model": "admin.logentry", "pk": 9, "fields": {"action_time": "2023-12-08T21:08:05.142Z", "user": 1, "content_type": 12, "object_id": "4", "object_repr": "Odengatan 58", "action_flag": 3, "change_message": ""}}, {"model": "admin.logentry", "pk": 10, "fields": {"action_time": "2023-12-09T18:43:48.615Z", "user": 1, "content_type": 11, "object_id": "1", "object_repr": "Abdullahi", "action_flag": 2, "change_message": "[{\"changed\": {\"fields\": [\"User\"]}}]"}}, {"model": "admin.logentry", "pk": 11, "fields": {"action_time": "2023-12-09T18:59:42.430Z", "user": 1, "content_type": 11, "object_id": "1", "object_repr": "Abdullahi", "action_flag": 3, "change_message": ""}}, {"model": "admin.logentry", "pk": 12, "fields": {"action_time": "2023-12-09T21:07:35.540Z", "user": 1, "content_type": 4, "object_id": "3", "object_repr": "Imran", "action_flag": 1, "change_message": "[{\"added\": {}}]"}}, {"model": "admin.logentry", "pk": 13, "fields": {"action_time": "2023-12-10T12:45:13.906Z", "user": 1, "content_type": 11, "object_id": "3", "object_repr": "Imran", "action_flag": 2, "change_message": "[{\"changed\": {\"fields\": [\"User\"]}}]"}}, {"model": "admin.logentry", "pk": 14, "fields": {"action_time": "2023-12-10T12:45:20.460Z", "user": 1, "content_type": 11, "object_id": "4", "object_repr": "abdullahi", "action_flag": 3, "change_message": ""}}, {"model": "admin.logentry", "pk": 15, "fields": {"action_time": "2023-12-10T12:45:23.320Z", "user": 1, "content_type": 11, "object_id": "2", "object_repr": "abdullahi", "action_flag": 2, "change_message": "[]"}}, {"model": "admin.logentry", "pk": 16, "fields": {"action_time": "2023-12-10T12:45:30.151Z", "user": 1, "content_type": 11, "object_id": "3", "object_repr": "Imran", "action_flag": 3, "change_message": ""}}, {"model": "admin.logentry", "pk": 17, "fields": {"action_time": "2023-12-10T12:46:11.199Z", "user": 1, "content_type": 11, "object_id": "2", "object_repr": "abdullahi", "action_flag": 3, "change_message": ""}}, {"model": "admin.logentry", "pk": 18, "fields": {"action_time": "2023-12-10T12:46:18.513Z", "user": 1, "content_type": 11, "object_id": "6", "object_repr": "abdullahi", "action_flag": 3, "change_message": ""}}, {"model": "admin.logentry", "pk": 19, "fields": {"action_time": "2023-12-10T12:46:18.522Z", "user": 1, "content_type": 11, "object_id": "5", "object_repr": "abdullahi", "action_flag": 3, "change_message": ""}}, {"model": "admin.logentry", "pk": 20, "fields": {"action_time": "2023-12-10T14:05:34.238Z", "user": 1, "content_type": 11, "object_id": "9", "object_repr": "abdullahi", "action_flag": 3, "change_message": ""}}, {"model": "admin.logentry", "pk": 21, "fields": {"action_time": "2023-12-12T12:06:21.630Z", "user": 1, "content_type": 11, "object_id": "1", "object_repr": "Imran", "action_flag": 1, "change_message": "[{\"added\": {}}]"}}, {"model": "admin.logentry", "pk": 22, "fields": {"action_time": "2023-12-13T11:02:12.438Z", "user": 1, "content_type": 4, "object_id": "4", "object_repr": "Himo", "action_flag": 3, "change_message": ""}}, {"model": "admin.logentry", "pk": 23, "fields": {"action_time": "2023-12-13T11:03:14.669Z", "user": 1, "content_type": 4, "object_id": "5", "object_repr": "Himo", "action_flag": 3, "change_message": ""}}, {"model": "admin.logentry", "pk": 24, "fields": {"action_time": "2023-12-13T11:04:19.782Z", "user": 1, "content_type": 4, "object_id": "6", "object_repr": "Himo", "action_flag": 3, "change_message": ""}}, {"model": "admin.logentry", "pk": 25, "fields": {"action_time": "2023-12-13T11:04:32.792Z", "user": 1, "content_type": 4, "object_id": "7", "object_repr": "Himo", "action_flag": 3, "change_message": ""}}, {"model": "admin.logentry", "pk": 26, "fields": {"action_time": "2023-12-13T11:04:55.731Z", "user": 1, "content_type": 4, "object_id": "8", "object_repr": "Himo", "action_flag": 3, "change_message": ""}}, {"model": "admin.logentry", "pk": 27, "fields": {"action_time": "2023-12-13T11:06:20.846Z", "user": 1, "content_type": 4, "object_id": "3", "object_repr": "Imran", "action_flag": 2, "change_message": "[{\"changed\": {\"fields\": [\"Email address\"]}}]"}}, {"model": "admin.logentry", "pk": 28, "fields": {"action_time": "2023-12-13T11:06:26.099Z", "user": 1, "content_type": 4, "object_id": "9", "object_repr": "Himo", "action_flag": 3, "change_message": ""}}, {"model": "admin.logentry", "pk": 29, "fields": {"action_time": "2023-12-13T18:16:36.316Z", "user": 1, "content_type": 4, "object_id": "10", "object_repr": "Himo", "action_flag": 1, "change_message": "[{\"added\": {}}]"}}, {"model": "admin.logentry", "pk": 30, "fields": {"action_time": "2023-12-14T10:30:22.315Z", "user": 1, "content_type": 4, "object_id": "3", "object_repr": "Imran", "action_flag": 3, "change_message": ""}}, {"model": "admin.logentry", "pk": 31, "fields": {"action_time": "2023-12-15T08:09:31.800Z", "user": 1, "content_type": 4, "object_id": "12", "object_repr": "Hamdi", "action_flag": 3, "change_message": ""}}, {"model": "admin.logentry", "pk": 32, "fields": {"action_time": "2023-12-15T08:09:49.781Z", "user": 1, "content_type": 4, "object_id": "13", "object_repr": "Hamdi", "action_flag": 3, "change_message": ""}}, {"model": "admin.logentry", "pk": 33, "fields": {"action_time": "2023-12-15T13:14:10.241Z", "user": 1, "content_type": 4, "object_id": "14", "object_repr": "Hamdi", "action_flag": 3, "change_message": ""}}, {"model": "admin.logentry", "pk": 34, "fields": {"action_time": "2023-12-18T11:29:09.555Z", "user": 1, "content_type": 11, "object_id": "3", "object_repr": "abdullahi", "action_flag": 3, "change_message": ""}}, {"model": "admin.logentry", "pk": 35, "fields": {"action_time": "2023-12-18T11:29:09.562Z", "user": 1, "content_type": 11, "object_id": "2", "object_repr": "abdullahi", "action_flag": 3, "change_message": ""}}, {"model": "admin.logentry", "pk": 36, "fields": {"action_time": "2023-12-18T12:34:26.736Z", "user": 1, "content_type": 4, "object_id": "2", "object_repr": "Abdullahi", "action_flag": 2, "change_message": "[{\"changed\": {\"fields\": [\"password\"]}}]"}}, {"model": "admin.logentry", "pk": 37, "fields": {"action_time": "2023-12-18T22:37:21.140Z", "user": 1, "content_type": 11, "object_id": "2", "object_repr": "UseProfile object (2)", "action_flag": 3, "change_message": ""}}, {"model": "admin.logentry", "pk": 38, "fields": {"action_time": "2023-12-18T22:37:21.146Z", "user": 1, "content_type": 11, "object_id": "1", "object_repr": "UseProfile object (1)", "action_flag": 3, "change_message": ""}}, {"model": "admin.logentry", "pk": 39, "fields": {"action_time": "2023-12-18T22:38:04.377Z", "user": 1, "content_type": 11, "object_id": "3", "object_repr": "UseProfile object (3)", "action_flag": 3, "change_message": ""}}, {"model": "admin.logentry", "pk": 40, "fields": {"action_time": "2023-12-18T22:40:30.273Z", "user": 1, "content_type": 11, "object_id": "4", "object_repr": "UseProfile object (4)", "action_flag": 3, "change_message": ""}}, {"model": "admin.logentry", "pk": 41, "fields": {"action_time": "2023-12-18T22:45:11.347Z", "user": 1, "content_type": 11, "object_id": "5", "object_repr": "UseProfile object (5)", "action_flag": 3, "change_message": ""}}, {"model": "admin.logentry", "pk": 42, "fields": {"action_time": "2023-12-19T08:15:47.342Z", "user": 1, "content_type": 11, "object_id": "6", "object_repr": "UseProfile object (6)", "action_flag": 3, "change_message": ""}}, {"model": "admin.logentry", "pk": 43, "fields": {"action_time": "2023-12-19T08:21:51.022Z", "user": 1, "content_type": 11, "object_id": "7", "object_repr": "UseProfile object (7)", "action_flag": 3, "change_message": ""}}, {"model": "admin.logentry", "pk": 44, "fields": {"action_time": "2023-12-19T08:23:34.337Z", "user": 1, "content_type": 11, "object_id": "8", "object_repr": "UseProfile object (8)", "action_flag": 3, "change_message": ""}}, {"model": "admin.logentry", "pk": 45, "fields": {"action_time": "2023-12-20T17:47:34.519Z", "user": 1, "content_type": 11, "object_id": "10", "object_repr": "UseProfile object (10)", "action_flag": 3, "change_message": ""}}, {"model": "admin.logentry", "pk": 46, "fields": {"action_time": "2023-12-20T17:47:34.526Z", "user": 1, "content_type": 11, "object_id": "9", "object_repr": "UseProfile object (9)", "action_flag": 3, "change_message": ""}}, {"model": "admin.logentry", "pk": 47, "fields": {"action_time": "2023-12-20T17:52:44.616Z", "user": 1, "content_type": 11, "object_id": "11", "object_repr": "UseProfile object (11)", "action_flag": 3, "change_message": ""}}, {"model": "admin.logentry", "pk": 48, "fields": {"action_time": "2023-12-20T17:52:51.360Z", "user": 1, "content_type": 11, "object_id": "12", "object_repr": "UseProfile object (12)", "action_flag": 1, "change_message": "[{\"added\": {}}]"}}, {"model": "admin.logentry", "pk": 49, "fields": {"action_time": "2023-12-20T17:52:57.897Z", "user": 1, "content_type": 11, "object_id": "12", "object_repr": "UseProfile object (12)", "action_flag": 3, "change_message": ""}}, {"model": "admin.logentry", "pk": 50, "fields": {"action_time": "2023-12-20T19:22:29.065Z", "user": 1, "content_type": 13, "object_id": "1", "object_repr": "Company", "action_flag": 1, "change_message": "[{\"added\": {}}]"}}, {"model": "admin.logentry", "pk": 51, "fields": {"action_time": "2023-12-20T19:22:33.195Z", "user": 1, "content_type": 13, "object_id": "1", "object_repr": "Company", "action_flag": 3, "change_message": ""}}, {"model": "admin.logentry", "pk": 52, "fields": {"action_time": "2023-12-20T19:30:54.959Z", "user": 1, "content_type": 13, "object_id": "2", "object_repr": "Company", "action_flag": 1, "change_message": "[{\"added\": {}}]"}}, {"model": "admin.logentry", "pk": 53, "fields": {"action_time": "2023-12-20T19:30:55.065Z", "user": 1, "content_type": 13, "object_id": "3", "object_repr": "Company", "action_flag": 1, "change_message": "[{\"added\": {}}]"}}, {"model": "admin.logentry", "pk": 54, "fields": {"action_time": "2023-12-20T19:31:02.816Z", "user": 1, "content_type": 13, "object_id": "3", "object_repr": "Company", "action_flag": 3, "change_message": ""}}, {"model": "admin.logentry", "pk": 55, "fields": {"action_time": "2023-12-20T19:31:02.822Z", "user": 1, "content_type": 13, "object_id": "2", "object_repr": "Company", "action_flag": 3, "change_message": ""}}, {"model": "admin.logentry", "pk": 56, "fields": {"action_time": "2023-12-20T20:45:59.209Z", "user": 1, "content_type": 13, "object_id": "4", "object_repr": "Company", "action_flag": 1, "change_message": "[{\"added\": {}}]"}}, {"model": "admin.logentry", "pk": 57, "fields": {"action_time": "2023-12-21T11:42:07.505Z", "user": 1, "content_type": 13, "object_id": "7", "object_repr": "Company", "action_flag": 3, "change_message": ""}}, {"model": "admin.logentry", "pk": 58, "fields": {"action_time": "2023-12-21T11:42:07.511Z", "user": 1, "content_type": 13, "object_id": "6", "object_repr": "Company", "action_flag": 3, "change_message": ""}}, {"model": "admin.logentry", "pk": 59, "fields": {"action_time": "2023-12-21T11:42:07.516Z", "user": 1, "content_type": 13, "object_id": "5", "object_repr": "Company", "action_flag": 3, "change_message": ""}}, {"model": "admin.logentry", "pk": 60, "fields": {"action_time": "2023-12-21T11:42:07.521Z", "user": 1, "content_type": 13, "object_id": "4", "object_repr": "Company", "action_flag": 3, "change_message": ""}}, {"model": "admin.logentry", "pk": 61, "fields": {"action_time": "2023-12-22T08:12:20.024Z", "user": 1, "content_type": 13, "object_id": "10", "object_repr": "Company", "action_flag": 3, "change_message": ""}}, {"model": "admin.logentry", "pk": 62, "fields": {"action_time": "2023-12-26T13:22:02.361Z", "user": 1, "content_type": 13, "object_id": "13", "object_repr": "Company", "action_flag": 3, "change_message": ""}}, {"model": "admin.logentry", "pk": 63, "fields": {"action_time": "2023-12-26T13:22:02.368Z", "user": 1, "content_type": 13, "object_id": "12", "object_repr": "Company", "action_flag": 3, "change_message": ""}}, {"model": "admin.logentry", "pk": 64, "fields": {"action_time": "2023-12-26T13:22:02.374Z", "user": 1, "content_type": 13, "object_id": "11", "object_repr": "Company", "action_flag": 3, "change_message": ""}}, {"model": "admin.logentry", "pk": 65, "fields": {"action_time": "2023-12-26T13:22:02.380Z", "user": 1, "content_type": 13, "object_id": "9", "object_repr": "Company", "action_flag": 3, "change_message": ""}}, {"model": "admin.logentry", "pk": 66, "fields": {"action_time": "2023-12-26T13:22:02.386Z", "user": 1, "content_type": 13, "object_id": "8", "object_repr": "Company", "action_flag": 3, "change_message": ""}}, {"model": "admin.logentry", "pk": 67, "fields": {"action_time": "2023-12-26T13:22:07.606Z", "user": 1, "content_type": 11, "object_id": "14", "object_repr": "UseProfile object (14)", "action_flag": 3, "change_message": ""}}, {"model": "admin.logentry", "pk": 68, "fields": {"action_time": "2023-12-26T13:22:07.612Z", "user": 1, "content_type": 11, "object_id": "13", "object_repr": "UseProfile object (13)", "action_flag": 3, "change_message": ""}}, {"model": "admin.logentry", "pk": 69, "fields": {"action_time": "2023-12-27T13:51:58.693Z", "user": 1, "content_type": 11, "object_id": "15", "object_repr": "UseProfile object (15)", "action_flag": 3, "change_message": ""}}, {"model": "admin.logentry", "pk": 70, "fields": {"action_time": "2023-12-27T13:52:12.583Z", "user": 1, "content_type": 11, "object_id": "16", "object_repr": "UseProfile object (16)", "action_flag": 3, "change_message": ""}}, {"model": "admin.logentry", "pk": 71, "fields": {"action_time": "2023-12-27T21:34:47.184Z", "user": 1, "content_type": 13, "object_id": "15", "object_repr": "Company", "action_flag": 1, "change_message": "[{\"added\": {}}]"}}, {"model": "admin.logentry", "pk": 72, "fields": {"action_time": "2023-12-31T22:24:37.976Z", "user": 1, "content_type": 13, "object_id": "15", "object_repr": "Company", "action_flag": 3, "change_message": ""}}, {"model": "admin.logentry", "pk": 73, "fields": {"action_time": "2024-01-03T20:42:49.546Z", "user": 1, "content_type": 14, "object_id": "1", "object_repr": "Picture", "action_flag": 3, "change_message": ""}}, {"model": "admin.logentry", "pk": 74, "fields": {"action_time": "2024-01-04T14:52:40.559Z", "user": 1, "content_type": 14, "object_id": "3", "object_repr": "Picture", "action_flag": 3, "change_message": ""}}, {"model": "admin.logentry", "pk": 75, "fields": {"action_time": "2024-01-04T14:53:11.953Z", "user": 1, "content_type": 14, "object_id": "2", "object_repr": "Picture", "action_flag": 3, "change_message": ""}}, {"model": "admin.logentry", "pk": 76, "fields": {"action_time": "2024-01-04T14:59:47.923Z", "user": 1, "content_type": 14, "object_id": "4", "object_repr": "Picture", "action_flag": 3, "change_message": ""}}, {"model": "admin.logentry", "pk": 77, "fields": {"action_time": "2024-01-04T15:27:27.860Z", "user": 1, "content_type": 14, "object_id": "5", "object_repr": "Picture", "action_flag": 3, "change_message": ""}}, {"model": "admin.logentry", "pk": 78, "fields": {"action_time": "2024-01-04T15:42:04.884Z", "user": 1, "content_type": 14, "object_id": "6", "object_repr": "Picture", "action_flag": 3, "change_message": ""}}, {"model": "admin.logentry", "pk": 79, "fields": {"action_time": "2024-01-04T19:51:37.215Z", "user": 1, "content_type": 4, "object_id": "10", "object_repr": "Himo", "action_flag": 3, "change_message": ""}}, {"model": "admin.logentry", "pk": 80, "fields": {"action_time": "2024-01-04T19:51:55.962Z", "user": 1, "content_type": 4, "object_id": "17", "object_repr": "Himo", "action_flag": 1, "change_message": "[{\"added\": {}}]"}}, {"model": "auth.permission", "pk": 1, "fields": {"name": "Can add log entry", "content_type": 1, "codename": "add_logentry"}}, {"model": "auth.permission", "pk": 2, "fields": {"name": "Can change log entry", "content_type": 1, "codename": "change_logentry"}}, {"model": "auth.permission", "pk": 3, "fields": {"name": "Can delete log entry", "content_type": 1, "codename": "delete_logentry"}}, {"model": "auth.permission", "pk": 4, "fields": {"name": "Can view log entry", "content_type": 1, "codename": "view_logentry"}}, {"model": "auth.permission", "pk": 5, "fields": {"name": "Can add permission", "content_type": 2, "codename": "add_permission"}}, {"model": "auth.permission", "pk": 6, "fields": {"name": "Can change permission", "content_type": 2, "codename": "change_permission"}}, {"model": "auth.permission", "pk": 7, "fields": {"name": "Can delete permission", "content_type": 2, "codename": "delete_permission"}}, {"model": "auth.permission", "pk": 8, "fields": {"name": "Can view permission", "content_type": 2, "codename": "view_permission"}}, {"model": "auth.permission", "pk": 9, "fields": {"name": "Can add group", "content_type": 3, "codename": "add_group"}}, {"model": "auth.permission", "pk": 10, "fields": {"name": "Can change group", "content_type": 3, "codename": "change_group"}}, {"model": "auth.permission", "pk": 11, "fields": {"name": "Can delete group", "content_type": 3, "codename": "delete_group"}}, {"model": "auth.permission", "pk": 12, "fields": {"name": "Can view group", "content_type": 3, "codename": "view_group"}}, {"model": "auth.permission", "pk": 13, "fields": {"name": "Can add user", "content_type": 4, "codename": "add_user"}}, {"model": "auth.permission", "pk": 14, "fields": {"name": "Can change user", "content_type": 4, "codename": "change_user"}}, {"model": "auth.permission", "pk": 15, "fields": {"name": "Can delete user", "content_type": 4, "codename": "delete_user"}}, {"model": "auth.permission", "pk": 16, "fields": {"name": "Can view user", "content_type": 4, "codename": "view_user"}}, {"model": "auth.permission", "pk": 17, "fields": {"name": "Can add content type", "content_type": 5, "codename": "add_contenttype"}}, {"model": "auth.permission", "pk": 18, "fields": {"name": "Can change content type", "content_type": 5, "codename": "change_contenttype"}}, {"model": "auth.permission", "pk": 19, "fields": {"name": "Can delete content type", "content_type": 5, "codename": "delete_contenttype"}}, {"model": "auth.permission", "pk": 20, "fields": {"name": "Can view content type", "content_type": 5, "codename": "view_contenttype"}}, {"model": "auth.permission", "pk": 21, "fields": {"name": "Can add session", "content_type": 6, "codename": "add_session"}}, {"model": "auth.permission", "pk": 22, "fields": {"name": "Can change session", "content_type": 6, "codename": "change_session"}}, {"model": "auth.permission", "pk": 23, "fields": {"name": "Can delete session", "content_type": 6, "codename": "delete_session"}}, {"model": "auth.permission", "pk": 24, "fields": {"name": "Can view session", "content_type": 6, "codename": "view_session"}}, {"model": "auth.permission", "pk": 25, "fields": {"name": "Can add Token", "content_type": 7, "codename": "add_token"}}, {"model": "auth.permission", "pk": 26, "fields": {"name": "Can change Token", "content_type": 7, "codename": "change_token"}}, {"model": "auth.permission", "pk": 27, "fields": {"name": "Can delete Token", "content_type": 7, "codename": "delete_token"}}, {"model": "auth.permission", "pk": 28, "fields": {"name": "Can view Token", "content_type": 7, "codename": "view_token"}}, {"model": "auth.permission", "pk": 29, "fields": {"name": "Can add token", "content_type": 8, "codename": "add_tokenproxy"}}, {"model": "auth.permission", "pk": 30, "fields": {"name": "Can change token", "content_type": 8, "codename": "change_tokenproxy"}}, {"model": "auth.permission", "pk": 31, "fields": {"name": "Can delete token", "content_type": 8, "codename": "delete_tokenproxy"}}, {"model": "auth.permission", "pk": 32, "fields": {"name": "Can view token", "content_type": 8, "codename": "view_tokenproxy"}}, {"model": "auth.permission", "pk": 33, "fields": {"name": "Can add blacklisted token", "content_type": 9, "codename": "add_blacklistedtoken"}}, {"model": "auth.permission", "pk": 34, "fields": {"name": "Can change blacklisted token", "content_type": 9, "codename": "change_blacklistedtoken"}}, {"model": "auth.permission", "pk": 35, "fields": {"name": "Can delete blacklisted token", "content_type": 9, "codename": "delete_blacklistedtoken"}}, {"model": "auth.permission", "pk": 36, "fields": {"name": "Can view blacklisted token", "content_type": 9, "codename": "view_blacklistedtoken"}}, {"model": "auth.permission", "pk": 37, "fields": {"name": "Can add outstanding token", "content_type": 10, "codename": "add_outstandingtoken"}}, {"model": "auth.permission", "pk": 38, "fields": {"name": "Can change outstanding token", "content_type": 10, "codename": "change_outstandingtoken"}}, {"model": "auth.permission", "pk": 39, "fields": {"name": "Can delete outstanding token", "content_type": 10, "codename": "delete_outstandingtoken"}}, {"model": "auth.permission", "pk": 40, "fields": {"name": "Can view outstanding token", "content_type": 10, "codename": "view_outstandingtoken"}}, {"model": "auth.permission", "pk": 41, "fields": {"name": "Can add use profile", "content_type": 11, "codename": "add_useprofile"}}, {"model": "auth.permission", "pk": 42, "fields": {"name": "Can change use profile", "content_type": 11, "codename": "change_useprofile"}}, {"model": "auth.permission", "pk": 43, "fields": {"name": "Can delete use profile", "content_type": 11, "codename": "delete_useprofile"}}, {"model": "auth.permission", "pk": 44, "fields": {"name": "Can view use profile", "content_type": 11, "codename": "view_useprofile"}}, {"model": "auth.permission", "pk": 45, "fields": {"name": "Can add addresses", "content_type": 12, "codename": "add_addresses"}}, {"model": "auth.permission", "pk": 46, "fields": {"name": "Can change addresses", "content_type": 12, "codename": "change_addresses"}}, {"model": "auth.permission", "pk": 47, "fields": {"name": "Can delete addresses", "content_type": 12, "codename": "delete_addresses"}}, {"model": "auth.permission", "pk": 48, "fields": {"name": "Can view addresses", "content_type": 12, "codename": "view_addresses"}}, {"model": "auth.permission", "pk": 49, "fields": {"name": "Can add company", "content_type": 13, "codename": "add_company"}}, {"model": "auth.permission", "pk": 50, "fields": {"name": "Can change company", "content_type": 13, "codename": "change_company"}}, {"model": "auth.permission", "pk": 51, "fields": {"name": "Can delete company", "content_type": 13, "codename": "delete_company"}}, {"model": "auth.permission", "pk": 52, "fields": {"name": "Can view company", "content_type": 13, "codename": "view_company"}}, {"model": "auth.permission", "pk": 53, "fields": {"name": "Can add pictures", "content_type": 14, "codename": "add_pictures"}}, {"model": "auth.permission", "pk": 54, "fields": {"name": "Can change pictures", "content_type": 14, "codename": "change_pictures"}}, {"model": "auth.permission", "pk": 55, "fields": {"name": "Can delete pictures", "content_type": 14, "codename": "delete_pictures"}}, {"model": "auth.permission", "pk": 56, "fields": {"name": "Can view pictures", "content_type": 14, "codename": "view_pictures"}}, {"model": "auth.permission", "pk": 57, "fields": {"name": "Can add address", "content_type": 15, "codename": "add_address"}}, {"model": "auth.permission", "pk": 58, "fields": {"name": "Can change address", "content_type": 15, "codename": "change_address"}}, {"model": "auth.permission", "pk": 59, "fields": {"name": "Can delete address", "content_type": 15, "codename": "delete_address"}}, {"model": "auth.permission", "pk": 60, "fields": {"name": "Can view address", "content_type": 15, "codename": "view_address"}}, {"model": "auth.permission", "pk": 61, "fields": {"name": "Can add profile picture", "content_type": 16, "codename": "add_profilepicture"}}, {"model": "auth.permission", "pk": 62, "fields": {"name": "Can change profile picture", "content_type": 16, "codename": "change_profilepicture"}}, {"model": "auth.permission", "pk": 63, "fields": {"name": "Can delete profile picture", "content_type": 16, "codename": "delete_profilepicture"}}, {"model": "auth.permission", "pk": 64, "fields": {"name": "Can view profile picture", "content_type": 16, "codename": "view_profilepicture"}}, {"model": "auth.user", "pk": 1, "fields": {"password": "pbkdf2_sha256$600000$6D19b5jcnpXzSr0fbMMATR$udiYg+Kas79LeQKVW3XvORCuOrtbs5SOCAqe31A0WZM=", "last_login": "2024-01-03T17:39:00.998Z", "is_superuser": true, "username": "abdullahi", "first_name": "", "last_name": "", "email": "Abdullahimohamedyusuf04@gmail.com", "is_staff": true, "is_active": true, "date_joined": "2023-10-18T20:11:12.211Z", "groups": [], "user_permissions": []}}, {"model": "auth.user", "pk": 2, "fields": {"password": "pbkdf2_sha256$600000$2k1sHDP3y7B9fSZRZ6kTHp$hTuYLXyGW3QA8oELwc77dakAG7wiUNtkeNyrJLT4guM=", "last_login": "2023-11-05T12:03:23.883Z", "is_superuser": true, "username": "Abdullahi", "first_name": "", "last_name": "", "email": "Abdullahi@gmail.com", "is_staff": true, "is_active": true, "date_joined": "2023-11-05T12:03:18.253Z", "groups": [], "user_permissions": []}}, {"model": "auth.user", "pk": 11, "fields": {"password": "pbkdf2_sha256$600000$kGBo61Z8h3D5QtgGvnQcZj$LbfbJhnjLJICt5DTUKK/FquIRFqkv91aKZvZJAHq6CM=", "last_login": null, "is_superuser": false, "username": "Imran", "first_name": "", "last_name": "", "email": "ingen@gmail.com", "is_staff": false, "is_active": true, "date_joined": "2023-12-14T10:32:48.124Z", "groups": [], "user_permissions": []}}, {"model": "auth.user", "pk": 15, "fields": {"password": "pbkdf2_sha256$600000$8bL7DfgFNl7D8tVl8rJmN4$cXHEZ+IQP6E9367UOAKDlhdJTUFXLrSZKxBF93Y6OUI=", "last_login": null, "is_superuser": false, "username": "Hamdi", "first_name": "", "last_name": "", "email": "mrkendatdude@gmail.com", "is_staff": false, "is_active": true, "date_joined": "2023-12-15T13:14:22.143Z", "groups": [], "user_permissions": []}}, {"model": "auth.user", "pk": 16, "fields": {"password": "pbkdf2_sha256$600000$KEgNdvfkngmx38JLiReNLZ$9bSya2OusrCN3S618A5EE4hDO4CfG+p3IeoAqrPkTfE=", "last_login": null, "is_superuser": false, "username": "kaiox70", "first_name": "", "last_name": "", "email": "menmakaiox70@gmail.com", "is_staff": false, "is_active": true, "date_joined": "2023-12-20T20:33:51.003Z", "groups": [], "user_permissions": []}}, {"model": "auth.user", "pk": 17, "fields": {"password": "pbkdf2_sha256$600000$Om8retpjV2qEkd5JR0XmpN$rgqGh7wXjb4bJ8L6BEiebT9YyayJ7q7f/Qb1weC1Ozo=", "last_login": null, "is_superuser": false, "username": "Himo", "first_name": "", "last_name": "", "email": "", "is_staff": false, "is_active": true, "date_joined": "2024-01-04T19:51:55.604Z", "groups": [], "user_permissions": []}}, {"model": "contenttypes.contenttype", "pk": 1, "fields": {"app_label": "admin", "model": "logentry"}}, {"model": "contenttypes.contenttype", "pk": 2, "fields": {"app_label": "auth", "model": "permission"}}, {"model": "contenttypes.contenttype", "pk": 3, "fields": {"app_label": "auth", "model": "group"}}, {"model": "contenttypes.contenttype", "pk": 4, "fields": {"app_label": "auth", "model": "user"}}, {"model": "contenttypes.contenttype", "pk": 5, "fields": {"app_label": "contenttypes", "model": "contenttype"}}, {"model": "contenttypes.contenttype", "pk": 6, "fields": {"app_label": "sessions", "model": "session"}}, {"model": "contenttypes.contenttype", "pk": 7, "fields": {"app_label": "authtoken", "model": "token"}}, {"model": "contenttypes.contenttype", "pk": 8, "fields": {"app_label": "authtoken", "model": "tokenproxy"}}, {"model": "contenttypes.contenttype", "pk": 9, "fields": {"app_label": "token_blacklist", "model": "blacklistedtoken"}}, {"model": "contenttypes.contenttype", "pk": 10, "fields": {"app_label": "token_blacklist", "model": "outstandingtoken"}}, {"model": "contenttypes.contenttype", "pk": 11, "fields": {"app_label": "base", "model": "useprofile"}}, {"model": "contenttypes.contenttype", "pk": 12, "fields": {"app_label": "base", "model": "addresses"}}, {"model": "contenttypes.contenttype", "pk": 13, "fields": {"app_label": "base", "model": "company"}}, {"model": "contenttypes.contenttype", "pk": 14, "fields": {"app_label": "base", "model": "pictures"}}, {"model": "contenttypes.contenttype", "pk": 15, "fields": {"app_label": "base", "model": "address"}}, {"model": "contenttypes.contenttype", "pk": 16, "fields": {"app_label": "base", "model": "profilepicture"}}, {"model": "sessions.session", "pk": "gte9z05j0jta0r1hwsao3gajli85cumk", "fields": {"session_data": ".eJxVjDsOwjAQBe_iGlnxf01JnzNYa--CA8iR4qRC3B0ipYD2zcx7iYTbWtPWeUkTibNQ4vS7ZSwPbjugO7bbLMvc1mXKclfkQbscZ-Ln5XD_Dir2-q2jckb5YUAfIWTtIFoqmiMFtuDZZFAFLFl07K8aTIEABk22mp0CY8X7A7cWNs0:1rFCpG:253G1tm3EbzkCttJbLohbmjZjOUhJRUJBPI8hUHCguU", "expire_date": "2024-01-01T12:34:26.761Z"}}, {"model": "sessions.session", "pk": "hctxe3i0zc9j8rv8df4bpnjylttw87k8", "fields": {"session_data": ".eJxVjDsOwjAQBe_iGlnxf01JnzNYa--CA8iR4qRC3B0ipYD2zcx7iYTbWtPWeUkTibNQ4vS7ZSwPbjugO7bbLMvc1mXKclfkQbscZ-Ln5XD_Dir2-q2jckb5YUAfIWTtIFoqmiMFtuDZZFAFLFl07K8aTIEABk22mp0CY8X7A7cWNs0:1rCJeo:xaDjczpiMcQScbqLDf6X-PJZrKr1zaNUzF_Gbbls-C8", "expire_date": "2023-12-24T13:15:42.624Z"}}, {"model": "sessions.session", "pk": "l8iie2fwgvfs49gmo2lmkgcbb7azrcvg", "fields": {"session_data": ".eJxVjDsOwjAQBe_iGlnyT2tT0nMG6629JgGUSHFSIe4OkVJA-2bmvVTGtg5567Lksaqzsur0uzHKQ6Yd1Dum26zLPK3LyHpX9EG7vs5VnpfD_TsY0IdvzcnCeaIWUjWRilCwIRnYADQXEbhREMPRsXFSSnXec_MUASHAqPcH4rk4Yg:1qzbqd:o7PICOFqf-RT0AJSjEBb1DpywdBxZFp79EUBu6a6U-U", "expire_date": "2023-11-19T12:03:23.888Z"}}, {"model": "sessions.session", "pk": "lm8g2uxemchqkxe4wg2r7453m5qr9rpk", "fields": {"session_data": ".eJxVjDsOwjAQBe_iGlnxf01JnzNYa--CA8iR4qRC3B0ipYD2zcx7iYTbWtPWeUkTibNQ4vS7ZSwPbjugO7bbLMvc1mXKclfkQbscZ-Ln5XD_Dir2-q2jckb5YUAfIWTtIFoqmiMFtuDZZFAFLFl07K8aTIEABk22mp0CY8X7A7cWNs0:1rL5Cn:JBNx8xhlpoYDScMf9SYoblwSnDtaRw6ZHmxPKi1hGTQ", "expire_date": "2024-01-17T17:39:01.006Z"}}, {"model": "sessions.session", "pk": "lq7lyqzqrlw8iz6ur78qppg8tdy003oa", "fields": {"session_data": ".eJxVjDsOwjAQBe_iGlnxf01JnzNYa--CA8iR4qRC3B0ipYD2zcx7iYTbWtPWeUkTibNQ4vS7ZSwPbjugO7bbLMvc1mXKclfkQbscZ-Ln5XD_Dir2-q2jckb5YUAfIWTtIFoqmiMFtuDZZFAFLFl07K8aTIEABk22mp0CY8X7A7cWNs0:1rCJTY:XwVARwRwsiuei5ODDSovHlOxrwjSwhaldHk3T3Lic5M", "expire_date": "2023-12-24T13:04:04.598Z"}}, {"model": "sessions.session", "pk": "tjr7zjo0fepc78od2uerii4u8ifyyqyr", "fields": {"session_data": ".eJxVjDsOwjAQBe_iGlnxf01JnzNYa--CA8iR4qRC3B0ipYD2zcx7iYTbWtPWeUkTibNQ4vS7ZSwPbjugO7bbLMvc1mXKclfkQbscZ-Ln5XD_Dir2-q2jckb5YUAfIWTtIFoqmiMFtuDZZFAFLFl07K8aTIEABk22mp0CY8X7A7cWNs0:1rGacJ:OkOn9OBLn5-dtYbIpapY3nLV4mji8bC01dLkDWquxX0", "expire_date": "2024-01-05T08:10:47.767Z"}}, {"model": "sessions.session", "pk": "w4qdar88e7qc0aujiz1ixwt96qbx6w3r", "fields": {"session_data": ".eJxVjDsOwjAQBe_iGlnxf01JnzNYa--CA8iR4qRC3B0ipYD2zcx7iYTbWtPWeUkTibNQ4vS7ZSwPbjugO7bbLMvc1mXKclfkQbscZ-Ln5XD_Dir2-q2jckb5YUAfIWTtIFoqmiMFtuDZZFAFLFl07K8aTIEABk22mp0CY8X7A7cWNs0:1rBXWJ:dfUM3bl4ng5ze5pyhfX5ZE6GWitifeYOeMENgC66qvU", "expire_date": "2023-12-22T09:51:43.135Z"}}, {"model": "sessions.session", "pk": "z7p4sfgxhfx9ky55ejcj9z6onpzq7nkb", "fields": {"session_data": ".eJxVjDsOwjAQBe_iGlnxf01JnzNYa--CA8iR4qRC3B0ipYD2zcx7iYTbWtPWeUkTibNQ4vS7ZSwPbjugO7bbLMvc1mXKclfkQbscZ-Ln5XD_Dir2-q2jckb5YUAfIWTtIFoqmiMFtuDZZFAFLFl07K8aTIEABk22mp0CY8X7A7cWNs0:1rGacJ:OkOn9OBLn5-dtYbIpapY3nLV4mji8bC01dLkDWquxX0", "expire_date": "2024-01-05T08:10:47.832Z"}}, {"model": "base.useprofile", "pk": 17, "fields": {"user_ID": 11, "profile_picture": "", "banner_picture": "", "first_name": "Abdullahi", "last_name": "Mohamed", "description": "asdads", "phone_number": 739088418}}, {"model": "base.useprofile", "pk": 18, "fields": {"user_ID": 15, "profile_picture": "", "banner_picture": "", "first_name": "Abdullahi", "last_name": "Mohamed", "description": "sda", "phone_number": 739088418}}, {"model": "base.useprofile", "pk": 19, "fields": {"user_ID": 17, "profile_picture": "", "banner_picture": "", "first_name": "Abdullahi", "last_name": "Mohamed", "description": "asdasda", "phone_number": 739088418}}, {"model": "base.useprofile", "pk": 20, "fields": {"user_ID": 16, "profile_picture": "", "banner_picture": "", "first_name": "Abdullahi", "last_name": "Mohamed", "description": "asda", "phone_number": 739088418}}, {"model": "base.pictures", "pk": 7, "fields": {"user_ID_P": 15, "company_uploads": "user/uploads/wallpapersden.com_kame-house-dragon-ball-z_3032x1706.jpg"}}, {"model": "base.pictures", "pk": 8, "fields": {"user_ID_P": 17, "company_uploads": "user/uploads/Dark-Anime-Wallpaper-4K-Desktop_cjFVH1z.jpg"}}, {"model": "base.pictures", "pk": 9, "fields": {"user_ID_P": 16, "company_uploads": "user/uploads/red-hood-outlaw-dc-comics-uhdpaper.com-4K-8.16_hxZgG4l.jpg"}}, {"model": "base.profilepicture", "pk": 1, "fields": {"user_ID_B": 15, "profile_uploads": "user/profile/red-hood-outlaw-katana-sword-uhdpaper.com-4K-8.65_ibPtHZx.jpg"}}, {"model": "base.profilepicture", "pk": 2, "fields": {"user_ID_B": 17, "profile_uploads": "user/profile/f8c59f4187a3c0cc4bc79774ac7bc493.jpg"}}, {"model": "base.profilepicture", "pk": 3, "fields": {"user_ID_B": 16, "profile_uploads": "user/profile/3b3881a39a959bddcbef880bb6d4a8e8_spZWfIY.jpg"}}, {"model": "base.company", "pk": 14, "fields": {"user_ID_C": 11, "CompanyName": "Feriejobb", "CompanyNumber": 467, "companyEmail": "mrkendatdude@gmail.com", "Address": "Rinkeby", "Stad": "Stockholm", "Postnummer": "113213212", "Typ": "MoskΘ", "Bild": ""}}, {"model": "base.company", "pk": 16, "fields": {"user_ID_C": 11, "CompanyName": "Feriejobb", "CompanyNumber": 467, "companyEmail": "mrkendatdude@gmail.com", "Address": "Rinkeby", "Stad": "Stockholm", "Postnummer": "123111", "Typ": "MoskΘ", "Bild": ""}}, {"model": "base.company", "pk": 17, "fields": {"user_ID_C": 15, "CompanyName": "Feriejobb", "CompanyNumber": 467, "companyEmail": "mrkendatdude@gmail.com", "Address": "Rinkeby", "Stad": "Stockholm", "Postnummer": "31311", "Typ": "MoskΘ", "Bild": ""}}, {"model": "base.company", "pk": 18, "fields": {"user_ID_C": 17, "CompanyName": "Feriejobb", "CompanyNumber": 467, "companyEmail": "mrkendatdude@gmail.com", "Address": "Rinkeby", "Stad": "Stockholm", "Postnummer": "12312", "Typ": "MoskΘ", "Bild": ""}}, {"model": "base.company", "pk": 19, "fields": {"user_ID_C": 16, "CompanyName": "Feriejobb", "CompanyNumber": 467, "companyEmail": "ingen@hotmail.com", "Address": "SvennebygrΣnd 9 Lgh 1401", "Stad": "SP┼NGA", "Postnummer": "131312312", "Typ": "MoskΘ", "Bild": ""}}, {"model": "token_blacklist.outstandingtoken", "pk": 1, "fields": {"user": 1, "jti": "866b6426a3e24b33a878f1648bc6337c", "token": "eyJhbGciOiJIUzI1NiIsInR5cCI6IkpXVCJ9.eyJ0b2tlbl90eXBlIjoicmVmcmVzaCIsImV4cCI6MTcwNTQzNjkzNCwiaWF0IjoxNjk3NjYwOTM0LCJqdGkiOiI4NjZiNjQyNmEzZTI0YjMzYTg3OGYxNjQ4YmM2MzM3YyIsInVzZXJfaWQiOjF9.fVzlusTbcYUKX2uUCTduiBggc15K3ennM9IfuB2QkLk", "created_at": "2023-10-18T20:28:54.667Z", "expires_at": "2024-01-16T20:28:54Z"}}, {"model": "token_blacklist.outstandingtoken", "pk": 2, "fields": {"user": 2, "jti": "1b2ae63bc7e54c89b6e8a17edf4cccf9", "token": "eyJhbGciOiJIUzI1NiIsInR5cCI6IkpXVCJ9.eyJ0b2tlbl90eXBlIjoicmVmcmVzaCIsImV4cCI6MTcwNjk2MjI4NCwiaWF0IjoxNjk5MTg2Mjg0LCJqdGkiOiIxYjJhZTYzYmM3ZTU0Yzg5YjZlOGExN2VkZjRjY2NmOSIsInVzZXJfaWQiOjJ9.18Y0t9LtTv-bS5RKd0ZzydjKv9F84RnA_npe_bwiR7Q", "created_at": "2023-11-05T12:11:24.865Z", "expires_at": "2024-02-03T12:11:24Z"}}, {"model": "token_blacklist.outstandingtoken", "pk": 3, "fields": {"user": 2, "jti": "c53ae0fd0a1540f4ad1593b62fb424c2", "token": "eyJhbGciOiJIUzI1NiIsInR5cCI6IkpXVCJ9.eyJ0b2tlbl90eXBlIjoicmVmcmVzaCIsImV4cCI6MTcwNjk2MjMwNywiaWF0IjoxNjk5MTg2MzA3LCJqdGkiOiJjNTNhZTBmZDBhMTU0MGY0YWQxNTkzYjYyZmI0MjRjMiIsInVzZXJfaWQiOjJ9.I6nsHv4XG9-ecmTgk3M2fhCDZEAC08GPl0P8UbqBuRw", "created_at": "2023-11-05T12:11:47.651Z", "expires_at": "2024-02-03T12:11:47Z"}}, {"model": "token_blacklist.outstandingtoken", "pk": 4, "fields": {"user": 2, "jti": "8472f617d9ba4da6a26b812fb1c90323", "token": "eyJhbGciOiJIUzI1NiIsInR5cCI6IkpXVCJ9.eyJ0b2tlbl90eXBlIjoicmVmcmVzaCIsImV4cCI6MTcwNjk2MjM0MiwiaWF0IjoxNjk5MTg2MzQyLCJqdGkiOiI4NDcyZjYxN2Q5YmE0ZGE2YTI2YjgxMmZiMWM5MDMyMyIsInVzZXJfaWQiOjJ9.YWzGJbZ7I6gvxlN9IvKwpIpiSbP5MwQBMC_ayjSkHYU", "created_at": "2023-11-05T12:12:22.419Z", "expires_at": "2024-02-03T12:12:22Z"}}, {"model": "token_blacklist.outstandingtoken", "pk": 5, "fields": {"user": 2, "jti": "3e38a3fbb7b64ff49c7b4a78fc782202", "token": "eyJhbGciOiJIUzI1NiIsInR5cCI6IkpXVCJ9.eyJ0b2tlbl90eXBlIjoicmVmcmVzaCIsImV4cCI6MTcwNjk2MjM1OCwiaWF0IjoxNjk5MTg2MzU4LCJqdGkiOiIzZTM4YTNmYmI3YjY0ZmY0OWM3YjRhNzhmYzc4MjIwMiIsInVzZXJfaWQiOjJ9.Mrpo6lhm0cURs_mBXCwmfJHguIJLVV5wTiYYxs97vQU", "created_at": "2023-11-05T12:12:38.367Z", "expires_at": "2024-02-03T12:12:38Z"}}, {"model": "token_blacklist.outstandingtoken", "pk": 6, "fields": {"user": 2, "jti": "d2679a413d7a4c0596b68cedcc1ee240", "token": "eyJhbGciOiJIUzI1NiIsInR5cCI6IkpXVCJ9.eyJ0b2tlbl90eXBlIjoicmVmcmVzaCIsImV4cCI6MTcwNjk2Mjg2MSwiaWF0IjoxNjk5MTg2ODYxLCJqdGkiOiJkMjY3OWE0MTNkN2E0YzA1OTZiNjhjZWRjYzFlZTI0MCIsInVzZXJfaWQiOjJ9.YMnR6Am1Q4-xUVGWPf9wccHC9M2_Xc4eXx-3DaReWXQ", "created_at": "2023-11-05T12:21:01.414Z", "expires_at": "2024-02-03T12:21:01Z"}}, {"model": "token_blacklist.outstandingtoken", "pk": 7, "fields": {"user": 2, "jti": "c31e2e63b7aa4975b37964ac942fb720", "token": "eyJhbGciOiJIUzI1NiIsInR5cCI6IkpXVCJ9.eyJ0b2tlbl90eXBlIjoicmVmcmVzaCIsImV4cCI6MTcwNjk2Mjg2NywiaWF0IjoxNjk5MTg2ODY3LCJqdGkiOiJjMzFlMmU2M2I3YWE0OTc1YjM3OTY0YWM5NDJmYjcyMCIsInVzZXJfaWQiOjJ9.zmyTtTvOVLUFDeWR2PRGw-sELcn0jN2NzQW8ibPATc0", "created_at": "2023-11-05T12:21:07.001Z", "expires_at": "2024-02-03T12:21:07Z"}}, {"model": "token_blacklist.outstandingtoken", "pk": 8, "fields": {"user": 2, "jti": "d6ff7ec2ac6d49a18010b34c40a0704b", "token": "eyJhbGciOiJIUzI1NiIsInR5cCI6IkpXVCJ9.eyJ0b2tlbl90eXBlIjoicmVmcmVzaCIsImV4cCI6MTcwNjk2Mjg3MiwiaWF0IjoxNjk5MTg2ODcyLCJqdGkiOiJkNmZmN2VjMmFjNmQ0OWExODAxMGIzNGM0MGEwNzA0YiIsInVzZXJfaWQiOjJ9.xcZX9GkuhhJtED-j4uiyFHjL8v7e5dPcV1j0_IlGzTM", "created_at": "2023-11-05T12:21:12.378Z", "expires_at": "2024-02-03T12:21:12Z"}}, {"model": "token_blacklist.outstandingtoken", "pk": 9, "fields": {"user": 2, "jti": "982cf70e519b4bdeb90ae2a9866ef496", "token": "eyJhbGciOiJIUzI1NiIsInR5cCI6IkpXVCJ9.eyJ0b2tlbl90eXBlIjoicmVmcmVzaCIsImV4cCI6MTcwNjk2Mjg3NSwiaWF0IjoxNjk5MTg2ODc1LCJqdGkiOiI5ODJjZjcwZTUxOWI0YmRlYjkwYWUyYTk4NjZlZjQ5NiIsInVzZXJfaWQiOjJ9.wQF_i2oTyFpT-fh3mWWf4nhQtNZjoRfST3kkVBQ60gk", "created_at": "2023-11-05T12:21:15.322Z", "expires_at": "2024-02-03T12:21:15Z"}}, {"model": "token_blacklist.outstandingtoken", "pk": 10, "fields": {"user": 2, "jti": "9d2b9cb7bb7c479cb324b60b21377518", "token": "eyJhbGciOiJIUzI1NiIsInR5cCI6IkpXVCJ9.eyJ0b2tlbl90eXBlIjoicmVmcmVzaCIsImV4cCI6MTcwNjk2MjkzMCwiaWF0IjoxNjk5MTg2OTMwLCJqdGkiOiI5ZDJiOWNiN2JiN2M0NzljYjMyNGI2MGIyMTM3NzUxOCIsInVzZXJfaWQiOjJ9.eTT1CCrAwUapyppx1zppRl_5QP55vMNGxtmIm0yQQyM", "created_at": "2023-11-05T12:22:10.199Z", "expires_at": "2024-02-03T12:22:10Z"}}, {"model": "token_blacklist.outstandingtoken", "pk": 11, "fields": {"user": 2, "jti": "482976325af54591b1ab47e1c71f215d", "token": "eyJhbGciOiJIUzI1NiIsInR5cCI6IkpXVCJ9.eyJ0b2tlbl90eXBlIjoicmVmcmVzaCIsImV4cCI6MTcwNjk2OTIyNiwiaWF0IjoxNjk5MTkzMjI2LCJqdGkiOiI0ODI5NzYzMjVhZjU0NTkxYjFhYjQ3ZTFjNzFmMjE1ZCIsInVzZXJfaWQiOjJ9.o70j_U5pOBrU0iX4W1mGF5kqJ9_3Y0bWMHUS8u3IILs", "created_at": "2023-11-05T14:07:06.522Z", "expires_at": "2024-02-03T14:07:06Z"}}, {"model": "token_blacklist.outstandingtoken", "pk": 12, "fields": {"user": 2, "jti": "5438946cb711421cacc09761712d3d51", "token": "eyJhbGciOiJIUzI1NiIsInR5cCI6IkpXVCJ9.eyJ0b2tlbl90eXBlIjoicmVmcmVzaCIsImV4cCI6MTcwNjk2OTIyOCwiaWF0IjoxNjk5MTkzMjI4LCJqdGkiOiI1NDM4OTQ2Y2I3MTE0MjFjYWNjMDk3NjE3MTJkM2Q1MSIsInVzZXJfaWQiOjJ9.YF2t3i4TEf34wp1UI6cVJJB2HLo9ZZR0Z_Uhr6y6IJ0", "created_at": "2023-11-05T14:07:08.914Z", "expires_at": "2024-02-03T14:07:08Z"}}, {"model": "token_blacklist.outstandingtoken", "pk": 13, "fields": {"user": 2, "jti": "627fe7a5e8fb46289499e2cafdf74835", "token": "eyJhbGciOiJIUzI1NiIsInR5cCI6IkpXVCJ9.eyJ0b2tlbl90eXBlIjoicmVmcmVzaCIsImV4cCI6MTcwNjk2OTI1MCwiaWF0IjoxNjk5MTkzMjUwLCJqdGkiOiI2MjdmZTdhNWU4ZmI0NjI4OTQ5OWUyY2FmZGY3NDgzNSIsInVzZXJfaWQiOjJ9.2QrDBhvbKiNq3GvNaRDPCX1S5M6c95g8_m5xHqdEkpk", "created_at": "2023-11-05T14:07:30.394Z", "expires_at": "2024-02-03T14:07:30Z"}}, {"model": "token_blacklist.outstandingtoken", "pk": 14, "fields": {"user": 2, "jti": "206c19656caa40649614f6108d2eb021", "token": "eyJhbGciOiJIUzI1NiIsInR5cCI6IkpXVCJ9.eyJ0b2tlbl90eXBlIjoicmVmcmVzaCIsImV4cCI6MTcwNjk2OTQ1OSwiaWF0IjoxNjk5MTkzNDU5LCJqdGkiOiIyMDZjMTk2NTZjYWE0MDY0OTYxNGY2MTA4ZDJlYjAyMSIsInVzZXJfaWQiOjJ9.pEb2-eSbsWOp74WaV3kCeq4j97YaPdLIl9LhIZwmCvk", "created_at": "2023-11-05T14:10:59.963Z", "expires_at": "2024-02-03T14:10:59Z"}}, {"model": "token_blacklist.outstandingtoken", "pk": 15, "fields": {"user": 2, "jti": "a7b179a72a4340588b243db60435b059", "token": "eyJhbGciOiJIUzI1NiIsInR5cCI6IkpXVCJ9.eyJ0b2tlbl90eXBlIjoicmVmcmVzaCIsImV4cCI6MTcwNjk3MDAzOSwiaWF0IjoxNjk5MTk0MDM5LCJqdGkiOiJhN2IxNzlhNzJhNDM0MDU4OGIyNDNkYjYwNDM1YjA1OSIsInVzZXJfaWQiOjJ9.gCsc26DT1ZodOt49vAbcNbz6QwuBOCuZnpJklkoWPL8", "created_at": "2023-11-05T14:20:39.399Z", "expires_at": "2024-02-03T14:20:39Z"}}, {"model": "token_blacklist.outstandingtoken", "pk": 16, "fields": {"user": 2, "jti": "09a3b3b8701d4c099d0706e9fb037bf8", "token": "eyJhbGciOiJIUzI1NiIsInR5cCI6IkpXVCJ9.eyJ0b2tlbl90eXBlIjoicmVmcmVzaCIsImV4cCI6MTcwNjk3MDA0MSwiaWF0IjoxNjk5MTk0MDQxLCJqdGkiOiIwOWEzYjNiODcwMWQ0YzA5OWQwNzA2ZTlmYjAzN2JmOCIsInVzZXJfaWQiOjJ9.gMGbvBfeC_6qTIO98bZVTr2R7fsCCxxK-VFlH-aZZx0", "created_at": "2023-11-05T14:20:41.185Z", "expires_at": "2024-02-03T14:20:41Z"}}, {"model": "token_blacklist.outstandingtoken", "pk": 17, "fields": {"user": 2, "jti": "9b83be42ff9d4d1a90da20569dae0ced", "token": "eyJhbGciOiJIUzI1NiIsInR5cCI6IkpXVCJ9.eyJ0b2tlbl90eXBlIjoicmVmcmVzaCIsImV4cCI6MTcwNjk3MDE0NCwiaWF0IjoxNjk5MTk0MTQ0LCJqdGkiOiI5YjgzYmU0MmZmOWQ0ZDFhOTBkYTIwNTY5ZGFlMGNlZCIsInVzZXJfaWQiOjJ9.01Q7BQPXcumr4TiEzgBIDOPP1w4VCjecDfNpyvpvXhg", "created_at": "2023-11-05T14:22:24.043Z", "expires_at": "2024-02-03T14:22:24Z"}}, {"model": "token_blacklist.outstandingtoken", "pk": 18, "fields": {"user": 2, "jti": "0cd769e67fd44fc6ae3aa1502c12a279", "token": "eyJhbGciOiJIUzI1NiIsInR5cCI6IkpXVCJ9.eyJ0b2tlbl90eXBlIjoicmVmcmVzaCIsImV4cCI6MTcwNjk3MDE4OCwiaWF0IjoxNjk5MTk0MTg4LCJqdGkiOiIwY2Q3NjllNjdmZDQ0ZmM2YWUzYWExNTAyYzEyYTI3OSIsInVzZXJfaWQiOjJ9.eaWTy0ixy2GuUam-dAQ8aaSXUn0U_XZQl0TXh1H0jWM", "created_at": "2023-11-05T14:23:08.207Z", "expires_at": "2024-02-03T14:23:08Z"}}, {"model": "token_blacklist.outstandingtoken", "pk": 19, "fields": {"user": 2, "jti": "82d7239111d64ac598e2ce9b9ec1b06d", "token": "eyJhbGciOiJIUzI1NiIsInR5cCI6IkpXVCJ9.eyJ0b2tlbl90eXBlIjoicmVmcmVzaCIsImV4cCI6MTcwNjk3MDE4OCwiaWF0IjoxNjk5MTk0MTg4LCJqdGkiOiI4MmQ3MjM5MTExZDY0YWM1OThlMmNlOWI5ZWMxYjA2ZCIsInVzZXJfaWQiOjJ9.2qPMAdMl22uC3MAi8TtqPXlwqV7wdfds0sGtFbFKn0E", "created_at": "2023-11-05T14:23:08.233Z", "expires_at": "2024-02-03T14:23:08Z"}}, {"model": "token_blacklist.outstandingtoken", "pk": 20, "fields": {"user": 2, "jti": "ec4a7c83b766462998d407c24a4f3223", "token": "eyJhbGciOiJIUzI1NiIsInR5cCI6IkpXVCJ9.eyJ0b2tlbl90eXBlIjoicmVmcmVzaCIsImV4cCI6MTcwNjk3MDIyMSwiaWF0IjoxNjk5MTk0MjIxLCJqdGkiOiJlYzRhN2M4M2I3NjY0NjI5OThkNDA3YzI0YTRmMzIyMyIsInVzZXJfaWQiOjJ9.KShHyp2HG-nskbWph2Qcf4sHGUhTfRk3yMGuOJuVc8s", "created_at": "2023-11-05T14:23:41.918Z", "expires_at": "2024-02-03T14:23:41Z"}}, {"model": "token_blacklist.outstandingtoken", "pk": 21, "fields": {"user": 2, "jti": "76ff01007cf34e6ca3ee84b7cdede641", "token": "eyJhbGciOiJIUzI1NiIsInR5cCI6IkpXVCJ9.eyJ0b2tlbl90eXBlIjoicmVmcmVzaCIsImV4cCI6MTcwNjk3MzQ1MiwiaWF0IjoxNjk5MTk3NDUyLCJqdGkiOiI3NmZmMDEwMDdjZjM0ZTZjYTNlZTg0YjdjZGVkZTY0MSIsInVzZXJfaWQiOjJ9.PvQ4vJAlKN57SsZGfY2FA2D3ktTZKyTIN3thIUzvT_I", "created_at": "2023-11-05T15:17:32.164Z", "expires_at": "2024-02-03T15:17:32Z"}}, {"model": "token_blacklist.outstandingtoken", "pk": 22, "fields": {"user": 2, "jti": "b57902b8628d4303a8ead73211d6a432", "token": "eyJhbGciOiJIUzI1NiIsInR5cCI6IkpXVCJ9.eyJ0b2tlbl90eXBlIjoicmVmcmVzaCIsImV4cCI6MTcwNjk3MzQ1MiwiaWF0IjoxNjk5MTk3NDUyLCJqdGkiOiJiNTc5MDJiODYyOGQ0MzAzYThlYWQ3MzIxMWQ2YTQzMiIsInVzZXJfaWQiOjJ9.ZKzId6r8viBIP9UTLZRLFQHpEPb96mg41rvZf9cdB18", "created_at": "2023-11-05T15:17:32.168Z", "expires_at": "2024-02-03T15:17:32Z"}}, {"model": "token_blacklist.outstandingtoken", "pk": 23, "fields": {"user": 2, "jti": "52692e61b8064fa197f91880e83e6489", "token": "eyJhbGciOiJIUzI1NiIsInR5cCI6IkpXVCJ9.eyJ0b2tlbl90eXBlIjoicmVmcmVzaCIsImV4cCI6MTcwNjk3MzUwNCwiaWF0IjoxNjk5MTk3NTA0LCJqdGkiOiI1MjY5MmU2MWI4MDY0ZmExOTdmOTE4ODBlODNlNjQ4OSIsInVzZXJfaWQiOjJ9.1KPBAxGzqzCExS5mH9SKOr6w6Pz1GnnImlkixCJusIU", "created_at": "2023-11-05T15:18:24.041Z", "expires_at": "2024-02-03T15:18:24Z"}}, {"model": "token_blacklist.outstandingtoken", "pk": 24, "fields": {"user": 2, "jti": "2c510fd72afd4d45a02e14edecca8227", "token": "eyJhbGciOiJIUzI1NiIsInR5cCI6IkpXVCJ9.eyJ0b2tlbl90eXBlIjoicmVmcmVzaCIsImV4cCI6MTcwNjk3MzY3OSwiaWF0IjoxNjk5MTk3Njc5LCJqdGkiOiIyYzUxMGZkNzJhZmQ0ZDQ1YTAyZTE0ZWRlY2NhODIyNyIsInVzZXJfaWQiOjJ9.mgrUrh0-cWjQ-DpHEoExdfcx3ZTuMO1b7rySPeuwslA", "created_at": "2023-11-05T15:21:19.332Z", "expires_at": "2024-02-03T15:21:19Z"}}, {"model": "token_blacklist.outstandingtoken", "pk": 25, "fields": {"user": 2, "jti": "f640e316e17941f0aa83d3c9d284103b", "token": "eyJhbGciOiJIUzI1NiIsInR5cCI6IkpXVCJ9.eyJ0b2tlbl90eXBlIjoicmVmcmVzaCIsImV4cCI6MTcwNzQxNTEzMCwiaWF0IjoxNjk5NjM5MTMwLCJqdGkiOiJmNjQwZTMxNmUxNzk0MWYwYWE4M2QzYzlkMjg0MTAzYiIsInVzZXJfaWQiOjJ9.BjOm4J0qD4joDBnsKxR7iexa8gNB9nXDN3bTUcTepBE", "created_at": "2023-11-10T17:58:50.597Z", "expires_at": "2024-02-08T17:58:50Z"}}, {"model": "token_blacklist.outstandingtoken", "pk": 26, "fields": {"user": 2, "jti": "bfdcb7d29baf425c8cb1beaf1320a94e", "token": "eyJhbGciOiJIUzI1NiIsInR5cCI6IkpXVCJ9.eyJ0b2tlbl90eXBlIjoicmVmcmVzaCIsImV4cCI6MTcwOTQwNjYzMCwiaWF0IjoxNzAxNjMwNjMwLCJqdGkiOiJiZmRjYjdkMjliYWY0MjVjOGNiMWJlYWYxMzIwYTk0ZSIsInVzZXJfaWQiOjJ9.hXmixnatEEEpsV1TQScVzFE6LKO8gx4JI1i287cOXw8", "created_at": "2023-12-03T19:10:30.749Z", "expires_at": "2024-03-02T19:10:30Z"}}, {"model": "token_blacklist.outstandingtoken", "pk": 27, "fields": {"user": 1, "jti": "252433207fe1473a8c3e56d06c5144dd", "token": "eyJhbGciOiJIUzI1NiIsInR5cCI6IkpXVCJ9.eyJ0b2tlbl90eXBlIjoicmVmcmVzaCIsImV4cCI6MTcwOTgwNDk5MCwiaWF0IjoxNzAyMDI4OTkwLCJqdGkiOiIyNTI0MzMyMDdmZTE0NzNhOGMzZTU2ZDA2YzUxNDRkZCIsInVzZXJfaWQiOjF9.5diVuu-Ye5rM8poiHISRS6iH4zgxhWnmgRBtS2JBAjM", "created_at": "2023-12-08T09:49:50.028Z", "expires_at": "2024-03-07T09:49:50Z"}}, {"model": "token_blacklist.outstandingtoken", "pk": 28, "fields": {"user": 1, "jti": "881d82e347814266a4f20460108f4136", "token": "eyJhbGciOiJIUzI1NiIsInR5cCI6IkpXVCJ9.eyJ0b2tlbl90eXBlIjoicmVmcmVzaCIsImV4cCI6MTcwOTkyMzM1NCwiaWF0IjoxNzAyMTQ3MzU0LCJqdGkiOiI4ODFkODJlMzQ3ODE0MjY2YTRmMjA0NjAxMDhmNDEzNiIsInVzZXJfaWQiOjF9.7XJ-cpKUk-LcafuDLn9xMbl0esrBd3cQqc7Df5AQNlU", "created_at": "2023-12-09T18:42:34.570Z", "expires_at": "2024-03-08T18:42:34Z"}}, {"model": "token_blacklist.outstandingtoken", "pk": 29, "fields": {"user": 1, "jti": "16b9bcee6f0e49618d4f06da6d5877fd", "token": "eyJhbGciOiJIUzI1NiIsInR5cCI6IkpXVCJ9.eyJ0b2tlbl90eXBlIjoicmVmcmVzaCIsImV4cCI6MTcwOTkyMzQzMiwiaWF0IjoxNzAyMTQ3NDMyLCJqdGkiOiIxNmI5YmNlZTZmMGU0OTYxOGQ0ZjA2ZGE2ZDU4NzdmZCIsInVzZXJfaWQiOjF9.AjJX_PkjkqrDvaczDrx6qq_Rrv9IDYzxMuUsE9DEcSs", "created_at": "2023-12-09T18:43:52.614Z", "expires_at": "2024-03-08T18:43:52Z"}}, {"model": "token_blacklist.outstandingtoken", "pk": 30, "fields": {"user": 1, "jti": "a48a308facac4266aed8ef0bc52be0f3", "token": "eyJhbGciOiJIUzI1NiIsInR5cCI6IkpXVCJ9.eyJ0b2tlbl90eXBlIjoicmVmcmVzaCIsImV4cCI6MTcwOTkyNDM0MywiaWF0IjoxNzAyMTQ4MzQzLCJqdGkiOiJhNDhhMzA4ZmFjYWM0MjY2YWVkOGVmMGJjNTJiZTBmMyIsInVzZXJfaWQiOjF9.KkJkfTY85KUlMl3lB11hESnHsVqjmuFpuaL6TA_cs-I", "created_at": "2023-12-09T18:59:03.892Z", "expires_at": "2024-03-08T18:59:03Z"}}, {"model": "token_blacklist.outstandingtoken", "pk": 31, "fields": {"user": 1, "jti": "84fd85c279284ef3b08e9e79c7bd3c59", "token": "eyJhbGciOiJIUzI1NiIsInR5cCI6IkpXVCJ9.eyJ0b2tlbl90eXBlIjoicmVmcmVzaCIsImV4cCI6MTcwOTkyNDM4OCwiaWF0IjoxNzAyMTQ4Mzg4LCJqdGkiOiI4NGZkODVjMjc5Mjg0ZWYzYjA4ZTllNzljN2JkM2M1OSIsInVzZXJfaWQiOjF9.B-D8P0VP2_a1oCQ86x6l7ORdXvzTe1MwcK_z9T6BSqo", "created_at": "2023-12-09T18:59:48.215Z", "expires_at": "2024-03-08T18:59:48Z"}}, {"model": "token_blacklist.outstandingtoken", "pk": 32, "fields": {"user": 1, "jti": "05bcce6296f742bb99d214087b896092", "token": "eyJhbGciOiJIUzI1NiIsInR5cCI6IkpXVCJ9.eyJ0b2tlbl90eXBlIjoicmVmcmVzaCIsImV4cCI6MTcwOTkyNDUxMSwiaWF0IjoxNzAyMTQ4NTExLCJqdGkiOiIwNWJjY2U2Mjk2Zjc0MmJiOTlkMjE0MDg3Yjg5NjA5MiIsInVzZXJfaWQiOjF9.vaA7I8ZScCjKv3i_meJrcAZ2GXRLw7D9AwpKc8Q2jrs", "created_at": "2023-12-09T19:01:51.314Z", "expires_at": "2024-03-08T19:01:51Z"}}, {"model": "token_blacklist.outstandingtoken", "pk": 33, "fields": {"user": 1, "jti": "75f9f626d1df47538f83b06e6f9450dc", "token": "eyJhbGciOiJIUzI1NiIsInR5cCI6IkpXVCJ9.eyJ0b2tlbl90eXBlIjoicmVmcmVzaCIsImV4cCI6MTcwOTkyNDY2MywiaWF0IjoxNzAyMTQ4NjYzLCJqdGkiOiI3NWY5ZjYyNmQxZGY0NzUzOGY4M2IwNmU2Zjk0NTBkYyIsInVzZXJfaWQiOjF9.RZj88X1XW8cjdgYbCxsKvLVPTgX0IaTsqccx8gdlhYg", "created_at": "2023-12-09T19:04:23.621Z", "expires_at": "2024-03-08T19:04:23Z"}}, {"model": "token_blacklist.outstandingtoken", "pk": 34, "fields": {"user": 1, "jti": "c89c9ff2d5b349d49caf710986ddf06f", "token": "eyJhbGciOiJIUzI1NiIsInR5cCI6IkpXVCJ9.eyJ0b2tlbl90eXBlIjoicmVmcmVzaCIsImV4cCI6MTcwOTkyNDY3MCwiaWF0IjoxNzAyMTQ4NjcwLCJqdGkiOiJjODljOWZmMmQ1YjM0OWQ0OWNhZjcxMDk4NmRkZjA2ZiIsInVzZXJfaWQiOjF9.CmlFvO_8DLFUj0uG5lz844E9Z0d1slTZGw3hnm0rEIQ", "created_at": "2023-12-09T19:04:30.853Z", "expires_at": "2024-03-08T19:04:30Z"}}, {"model": "token_blacklist.outstandingtoken", "pk": 35, "fields": {"user": 1, "jti": "cc220a61f01a410a9caa3034759fbc7b", "token": "eyJhbGciOiJIUzI1NiIsInR5cCI6IkpXVCJ9.eyJ0b2tlbl90eXBlIjoicmVmcmVzaCIsImV4cCI6MTcwOTkyNDY4MywiaWF0IjoxNzAyMTQ4NjgzLCJqdGkiOiJjYzIyMGE2MWYwMWE0MTBhOWNhYTMwMzQ3NTlmYmM3YiIsInVzZXJfaWQiOjF9.g-hlqBu5T1psJZUu-73x3LbosLZXm2sZG2yTDvW7wy8", "created_at": "2023-12-09T19:04:43.890Z", "expires_at": "2024-03-08T19:04:43Z"}}, {"model": "token_blacklist.outstandingtoken", "pk": 36, "fields": {"user": 1, "jti": "f11dc5e991a245a988b877e8b486a757", "token": "eyJhbGciOiJIUzI1NiIsInR5cCI6IkpXVCJ9.eyJ0b2tlbl90eXBlIjoicmVmcmVzaCIsImV4cCI6MTcwOTkyNDY5NSwiaWF0IjoxNzAyMTQ4Njk1LCJqdGkiOiJmMTFkYzVlOTkxYTI0NWE5ODhiODc3ZThiNDg2YTc1NyIsInVzZXJfaWQiOjF9.68ghkV6AroyioMySiyoibwjNrgLK6r10DqILlzBfrXc", "created_at": "2023-12-09T19:04:55.174Z", "expires_at": "2024-03-08T19:04:55Z"}}, {"model": "token_blacklist.outstandingtoken", "pk": 37, "fields": {"user": 1, "jti": "786bd36e5888459f97520f28c94189be", "token": "eyJhbGciOiJIUzI1NiIsInR5cCI6IkpXVCJ9.eyJ0b2tlbl90eXBlIjoicmVmcmVzaCIsImV4cCI6MTcwOTkyNDcyOCwiaWF0IjoxNzAyMTQ4NzI4LCJqdGkiOiI3ODZiZDM2ZTU4ODg0NTlmOTc1MjBmMjhjOTQxODliZSIsInVzZXJfaWQiOjF9.WoQfgyowXZjKmm2q5v9UF_7M3bxO9GyLrrSvhg-rWik", "created_at": "2023-12-09T19:05:28.268Z", "expires_at": "2024-03-08T19:05:28Z"}}, {"model": "token_blacklist.outstandingtoken", "pk": 38, "fields": {"user": 1, "jti": "e0411d44eaa74840a94d0dad2b09c2f6", "token": "eyJhbGciOiJIUzI1NiIsInR5cCI6IkpXVCJ9.eyJ0b2tlbl90eXBlIjoicmVmcmVzaCIsImV4cCI6MTcwOTkyNDg1MSwiaWF0IjoxNzAyMTQ4ODUxLCJqdGkiOiJlMDQxMWQ0NGVhYTc0ODQwYTk0ZDBkYWQyYjA5YzJmNiIsInVzZXJfaWQiOjF9.29NFLvDeuX_rD3hx17l_vUp9ohL-Pe2mnpVxB_D0M0E", "created_at": "2023-12-09T19:07:31.521Z", "expires_at": "2024-03-08T19:07:31Z"}}, {"model": "token_blacklist.outstandingtoken", "pk": 39, "fields": {"user": 1, "jti": "c54b8fc2fc194a41ad818d863111a2b0", "token": "eyJhbGciOiJIUzI1NiIsInR5cCI6IkpXVCJ9.eyJ0b2tlbl90eXBlIjoicmVmcmVzaCIsImV4cCI6MTcwOTkyNDg4NCwiaWF0IjoxNzAyMTQ4ODg0LCJqdGkiOiJjNTRiOGZjMmZjMTk0YTQxYWQ4MThkODYzMTExYTJiMCIsInVzZXJfaWQiOjF9.VxBsxWpAMmVt7iH9RTuhwCqbGxegXZuBric9tHK0x9s", "created_at": "2023-12-09T19:08:04.953Z", "expires_at": "2024-03-08T19:08:04Z"}}, {"model": "token_blacklist.outstandingtoken", "pk": 40, "fields": {"user": 1, "jti": "7079107c3e4546ed8050193bfe74db1b", "token": "eyJhbGciOiJIUzI1NiIsInR5cCI6IkpXVCJ9.eyJ0b2tlbl90eXBlIjoicmVmcmVzaCIsImV4cCI6MTcwOTkyNDkxNywiaWF0IjoxNzAyMTQ4OTE3LCJqdGkiOiI3MDc5MTA3YzNlNDU0NmVkODA1MDE5M2JmZTc0ZGIxYiIsInVzZXJfaWQiOjF9.U6idh5OlFZO66Evo1r7qArSoRhGC11O4Q6MsoHtXI_0", "created_at": "2023-12-09T19:08:37.729Z", "expires_at": "2024-03-08T19:08:37Z"}}, {"model": "token_blacklist.outstandingtoken", "pk": 41, "fields": {"user": 1, "jti": "ddc181981ee2461294e87c3785cb0709", "token": "eyJhbGciOiJIUzI1NiIsInR5cCI6IkpXVCJ9.eyJ0b2tlbl90eXBlIjoicmVmcmVzaCIsImV4cCI6MTcwOTkyNDkzNCwiaWF0IjoxNzAyMTQ4OTM0LCJqdGkiOiJkZGMxODE5ODFlZTI0NjEyOTRlODdjMzc4NWNiMDcwOSIsInVzZXJfaWQiOjF9.BBU7OebJB5O-_g8Der8vxagzoMWssIrdMZR3zlAHzLg", "created_at": "2023-12-09T19:08:54.751Z", "expires_at": "2024-03-08T19:08:54Z"}}, {"model": "token_blacklist.outstandingtoken", "pk": 42, "fields": {"user": 1, "jti": "4fb73baa5e3a4b8fb745c5c794d65be8", "token": "eyJhbGciOiJIUzI1NiIsInR5cCI6IkpXVCJ9.eyJ0b2tlbl90eXBlIjoicmVmcmVzaCIsImV4cCI6MTcwOTkyNDkzNiwiaWF0IjoxNzAyMTQ4OTM2LCJqdGkiOiI0ZmI3M2JhYTVlM2E0YjhmYjc0NWM1Yzc5NGQ2NWJlOCIsInVzZXJfaWQiOjF9.hWAg4VAw0HM0jIGjfWQQJDtn1osBAJ6VOeAXvZVyUok", "created_at": "2023-12-09T19:08:56.705Z", "expires_at": "2024-03-08T19:08:56Z"}}, {"model": "token_blacklist.outstandingtoken", "pk": 43, "fields": {"user": 1, "jti": "1314c2e79ea441a38048a88ec2671039", "token": "eyJhbGciOiJIUzI1NiIsInR5cCI6IkpXVCJ9.eyJ0b2tlbl90eXBlIjoicmVmcmVzaCIsImV4cCI6MTcwOTkzMTM3NCwiaWF0IjoxNzAyMTU1Mzc0LCJqdGkiOiIxMzE0YzJlNzllYTQ0MWEzODA0OGE4OGVjMjY3MTAzOSIsInVzZXJfaWQiOjF9.7F23p7HAI7NAI8-g7Wc0VTIn435ojEuWFvjtUyHeS6s", "created_at": "2023-12-09T20:56:14.384Z", "expires_at": "2024-03-08T20:56:14Z"}}, {"model": "token_blacklist.outstandingtoken", "pk": 44, "fields": {"user": 1, "jti": "2cc3364f2b9a498aba71951c0d51b4a3", "token": "eyJhbGciOiJIUzI1NiIsInR5cCI6IkpXVCJ9.eyJ0b2tlbl90eXBlIjoicmVmcmVzaCIsImV4cCI6MTcwOTkzMTM4NCwiaWF0IjoxNzAyMTU1Mzg0LCJqdGkiOiIyY2MzMzY0ZjJiOWE0OThhYmE3MTk1MWMwZDUxYjRhMyIsInVzZXJfaWQiOjF9.ImNoYeQOUWrs7l5BRfHIV-v8xaf5BmctTYqJOZmQT44", "created_at": "2023-12-09T20:56:24.318Z", "expires_at": "2024-03-08T20:56:24Z"}}, {"model": "token_blacklist.outstandingtoken", "pk": 45, "fields": {"user": 1, "jti": "03bf2f0473f14292a3ba35a0a046a227", "token": "eyJhbGciOiJIUzI1NiIsInR5cCI6IkpXVCJ9.eyJ0b2tlbl90eXBlIjoicmVmcmVzaCIsImV4cCI6MTcwOTkzMTM4NiwiaWF0IjoxNzAyMTU1Mzg2LCJqdGkiOiIwM2JmMmYwNDczZjE0MjkyYTNiYTM1YTBhMDQ2YTIyNyIsInVzZXJfaWQiOjF9.J7LHz4548qtMvqR_WfCkEKZMoKn8-iMIrHwEREVF7pw", "created_at": "2023-12-09T20:56:26.097Z", "expires_at": "2024-03-08T20:56:26Z"}}, {"model": "token_blacklist.outstandingtoken", "pk": 46, "fields": {"user": null, "jti": "db9a960d8945408c875271895ccccc48", "token": "eyJhbGciOiJIUzI1NiIsInR5cCI6IkpXVCJ9.eyJ0b2tlbl90eXBlIjoicmVmcmVzaCIsImV4cCI6MTcwOTkzMjA3MiwiaWF0IjoxNzAyMTU2MDcyLCJqdGkiOiJkYjlhOTYwZDg5NDU0MDhjODc1MjcxODk1Y2NjY2M0OCIsInVzZXJfaWQiOjN9.K8qrKdwykUa_5VpqEFjra91jJ1Ws6UG0-jjW7GiIwK8", "created_at": "2023-12-09T21:07:52.375Z", "expires_at": "2024-03-08T21:07:52Z"}}, {"model": "token_blacklist.outstandingtoken", "pk": 47, "fields": {"user": null, "jti": "25bed2910ceb4cfc96c6ff7c2e43ec79", "token": "eyJhbGciOiJIUzI1NiIsInR5cCI6IkpXVCJ9.eyJ0b2tlbl90eXBlIjoicmVmcmVzaCIsImV4cCI6MTcwOTk4ODIxNCwiaWF0IjoxNzAyMjEyMjE0LCJqdGkiOiIyNWJlZDI5MTBjZWI0Y2ZjOTZjNmZmN2MyZTQzZWM3OSIsInVzZXJfaWQiOjN9.-M6FjzMh1yv6TLRfh9PT_7t6Lo1E3Fx-9q8dDsYEHbg", "created_at": "2023-12-10T12:43:34.517Z", "expires_at": "2024-03-09T12:43:34Z"}}, {"model": "token_blacklist.outstandingtoken", "pk": 48, "fields": {"user": null, "jti": "f4ab57202b8440ff877d836d43a674d8", "token": "eyJhbGciOiJIUzI1NiIsInR5cCI6IkpXVCJ9.eyJ0b2tlbl90eXBlIjoicmVmcmVzaCIsImV4cCI6MTcwOTk4ODQyNCwiaWF0IjoxNzAyMjEyNDI0LCJqdGkiOiJmNGFiNTcyMDJiODQ0MGZmODc3ZDgzNmQ0M2E2NzRkOCIsInVzZXJfaWQiOjN9.VSLrQ03X1prbmLOt2IjzEw5swalfSIAKKDWNCBN8CSI", "created_at": "2023-12-10T12:47:04.946Z", "expires_at": "2024-03-09T12:47:04Z"}}, {"model": "token_blacklist.outstandingtoken", "pk": 49, "fields": {"user": null, "jti": "87a28753455b466b88d426a2ac8a6b57", "token": "eyJhbGciOiJIUzI1NiIsInR5cCI6IkpXVCJ9.eyJ0b2tlbl90eXBlIjoicmVmcmVzaCIsImV4cCI6MTcwOTk4ODY4NCwiaWF0IjoxNzAyMjEyNjg0LCJqdGkiOiI4N2EyODc1MzQ1NWI0NjZiODhkNDI2YTJhYzhhNmI1NyIsInVzZXJfaWQiOjN9.QyIN0JOeLQcAvU70MUX0Vc9VeR1mRcfTjzLIT4Vl2rM", "created_at": "2023-12-10T12:51:24.049Z", "expires_at": "2024-03-09T12:51:24Z"}}, {"model": "token_blacklist.outstandingtoken", "pk": 50, "fields": {"user": null, "jti": "2531e66eab964df1928c4d6a0c605e15", "token": "eyJhbGciOiJIUzI1NiIsInR5cCI6IkpXVCJ9.eyJ0b2tlbl90eXBlIjoicmVmcmVzaCIsImV4cCI6MTcwOTk4OTQwOCwiaWF0IjoxNzAyMjEzNDA4LCJqdGkiOiIyNTMxZTY2ZWFiOTY0ZGYxOTI4YzRkNmEwYzYwNWUxNSIsInVzZXJfaWQiOjN9.zTd4UQhGW4kkDgliG-7bpAbuH0QcwJP7BeLqct0fAZE", "created_at": "2023-12-10T13:03:28.292Z", "expires_at": "2024-03-09T13:03:28Z"}}, {"model": "token_blacklist.outstandingtoken", "pk": 51, "fields": {"user": null, "jti": "7592c31d37df4c1f9f8a100c61a0efaf", "token": "eyJhbGciOiJIUzI1NiIsInR5cCI6IkpXVCJ9.eyJ0b2tlbl90eXBlIjoicmVmcmVzaCIsImV4cCI6MTcwOTk4OTQyMCwiaWF0IjoxNzAyMjEzNDIwLCJqdGkiOiI3NTkyYzMxZDM3ZGY0YzFmOWY4YTEwMGM2MWEwZWZhZiIsInVzZXJfaWQiOjN9.813t3HLeVn5ZQL2EG0Z1HP1pjROzQBnslzQ84EvncFU", "created_at": "2023-12-10T13:03:40.648Z", "expires_at": "2024-03-09T13:03:40Z"}}, {"model": "token_blacklist.outstandingtoken", "pk": 52, "fields": {"user": null, "jti": "9cac3ddea09a448d951fca956a6b20c5", "token": "eyJhbGciOiJIUzI1NiIsInR5cCI6IkpXVCJ9.eyJ0b2tlbl90eXBlIjoicmVmcmVzaCIsImV4cCI6MTcwOTk4OTUyMywiaWF0IjoxNzAyMjEzNTIzLCJqdGkiOiI5Y2FjM2RkZWEwOWE0NDhkOTUxZmNhOTU2YTZiMjBjNSIsInVzZXJfaWQiOjN9.aEbytzhT2EfleSNEIwpYtknYlcKUqct96JFknDf7np4", "created_at": "2023-12-10T13:05:23.040Z", "expires_at": "2024-03-09T13:05:23Z"}}, {"model": "token_blacklist.outstandingtoken", "pk": 53, "fields": {"user": null, "jti": "ab1a06d629004711afc8ed3ae80968bb", "token": "eyJhbGciOiJIUzI1NiIsInR5cCI6IkpXVCJ9.eyJ0b2tlbl90eXBlIjoicmVmcmVzaCIsImV4cCI6MTcwOTk5MjA3NCwiaWF0IjoxNzAyMjE2MDc0LCJqdGkiOiJhYjFhMDZkNjI5MDA0NzExYWZjOGVkM2FlODA5NjhiYiIsInVzZXJfaWQiOjN9.5s2lz8NV1-PBf1hmaDqkbdPZG_6neGf_fi6XaIisumg", "created_at": "2023-12-10T13:47:54.860Z", "expires_at": "2024-03-09T13:47:54Z"}}, {"model": "token_blacklist.outstandingtoken", "pk": 54, "fields": {"user": null, "jti": "cac019105b744bc8bc6e1d0583d807e6", "token": "eyJhbGciOiJIUzI1NiIsInR5cCI6IkpXVCJ9.eyJ0b2tlbl90eXBlIjoicmVmcmVzaCIsImV4cCI6MTcxMDAwNjEwNCwiaWF0IjoxNzAyMjMwMTA0LCJqdGkiOiJjYWMwMTkxMDViNzQ0YmM4YmM2ZTFkMDU4M2Q4MDdlNiIsInVzZXJfaWQiOjN9.TLOSMz838Gne8ab3DaXBbjG-9vO2XGhJTvXBI6xk3jg", "created_at": "2023-12-10T17:41:44.564Z", "expires_at": "2024-03-09T17:41:44Z"}}, {"model": "token_blacklist.outstandingtoken", "pk": 55, "fields": {"user": null, "jti": "82d6276774c84487b45f3c28004bdd80", "token": "eyJhbGciOiJIUzI1NiIsInR5cCI6IkpXVCJ9.eyJ0b2tlbl90eXBlIjoicmVmcmVzaCIsImV4cCI6MTcxMDAwODAwMywiaWF0IjoxNzAyMjMyMDAzLCJqdGkiOiI4MmQ2Mjc2Nzc0Yzg0NDg3YjQ1ZjNjMjgwMDRiZGQ4MCIsInVzZXJfaWQiOjN9.trK-5N1YO8bobaxaoPdUdfBHapKa4lVylFuFK9dwxFQ", "created_at": "2023-12-10T18:13:23.854Z", "expires_at": "2024-03-09T18:13:23Z"}}, {"model": "token_blacklist.outstandingtoken", "pk": 56, "fields": {"user": null, "jti": "fba9dd9df8b74f73806f5a0ffb1ffe2a", "token": "eyJhbGciOiJIUzI1NiIsInR5cCI6IkpXVCJ9.eyJ0b2tlbl90eXBlIjoicmVmcmVzaCIsImV4cCI6MTcxMDAwODQ1MCwiaWF0IjoxNzAyMjMyNDUwLCJqdGkiOiJmYmE5ZGQ5ZGY4Yjc0ZjczODA2ZjVhMGZmYjFmZmUyYSIsInVzZXJfaWQiOjN9.SFD3qH4cklZsjOW3Je6FgrQtBZos39I-Aasb2o_uGeQ", "created_at": "2023-12-10T18:20:50.708Z", "expires_at": "2024-03-09T18:20:50Z"}}, {"model": "token_blacklist.outstandingtoken", "pk": 57, "fields": {"user": null, "jti": "d4e9abe3dd644403b59262ef9659d6bd", "token": "eyJhbGciOiJIUzI1NiIsInR5cCI6IkpXVCJ9.eyJ0b2tlbl90eXBlIjoicmVmcmVzaCIsImV4cCI6MTcxMDAxMzU0NiwiaWF0IjoxNzAyMjM3NTQ2LCJqdGkiOiJkNGU5YWJlM2RkNjQ0NDAzYjU5MjYyZWY5NjU5ZDZiZCIsInVzZXJfaWQiOjN9.IN9GaeBZGoSXpEu_627zujsS-11zaP5OJOts2DYOUhA", "created_at": "2023-12-10T19:45:46.270Z", "expires_at": "2024-03-09T19:45:46Z"}}, {"model": "token_blacklist.outstandingtoken", "pk": 58, "fields": {"user": null, "jti": "5a288d3116de4f45a3add67443f268cd", "token": "eyJhbGciOiJIUzI1NiIsInR5cCI6IkpXVCJ9.eyJ0b2tlbl90eXBlIjoicmVmcmVzaCIsImV4cCI6MTcxMDEwMTY2OCwiaWF0IjoxNzAyMzI1NjY4LCJqdGkiOiI1YTI4OGQzMTE2ZGU0ZjQ1YTNhZGQ2NzQ0M2YyNjhjZCIsInVzZXJfaWQiOjN9.eGcg7PjSM21S4X3JRH5CYtAnOQWTgAHCZQPM_SwXetw", "created_at": "2023-12-11T20:14:28.411Z", "expires_at": "2024-03-10T20:14:28Z"}}, {"model": "token_blacklist.outstandingtoken", "pk": 59, "fields": {"user": null, "jti": "3801e09e9c1d4fd99b7e90180c618390", "token": "eyJhbGciOiJIUzI1NiIsInR5cCI6IkpXVCJ9.eyJ0b2tlbl90eXBlIjoicmVmcmVzaCIsImV4cCI6MTcxMDE1MDc4MiwiaWF0IjoxNzAyMzc0NzgyLCJqdGkiOiIzODAxZTA5ZTljMWQ0ZmQ5OWI3ZTkwMTgwYzYxODM5MCIsInVzZXJfaWQiOjN9.zLd75Ef8YR_pCx1ZA6S3Ecj8DGGwVKY4n6Qj5P2A8AI", "created_at": "2023-12-12T09:53:02.136Z", "expires_at": "2024-03-11T09:53:02Z"}}, {"model": "token_blacklist.outstandingtoken", "pk": 60, "fields": {"user": null, "jti": "19c1bb1a6dee4a0084af89cbe7e36b19", "token": "eyJhbGciOiJIUzI1NiIsInR5cCI6IkpXVCJ9.eyJ0b2tlbl90eXBlIjoicmVmcmVzaCIsImV4cCI6MTcxMDE1NTg0MCwiaWF0IjoxNzAyMzc5ODQwLCJqdGkiOiIxOWMxYmIxYTZkZWU0YTAwODRhZjg5Y2JlN2UzNmIxOSIsInVzZXJfaWQiOjN9.x6Yr-3Zt7jUCMssvA09dTMabmq13tHE2XDvE6RMbXgI", "created_at": "2023-12-12T11:17:20.563Z", "expires_at": "2024-03-11T11:17:20Z"}}, {"model": "token_blacklist.outstandingtoken", "pk": 61, "fields": {"user": null, "jti": "bffd48ab7c5049cebb96ea13b17342a2", "token": "eyJhbGciOiJIUzI1NiIsInR5cCI6IkpXVCJ9.eyJ0b2tlbl90eXBlIjoicmVmcmVzaCIsImV4cCI6MTcxMDIzNjc3MCwiaWF0IjoxNzAyNDYwNzcwLCJqdGkiOiJiZmZkNDhhYjdjNTA0OWNlYmI5NmVhMTNiMTczNDJhMiIsInVzZXJfaWQiOjN9.MNXTuWfKbgPZjNELFaSm-XxT1h04d5OF4ZPhIDiFyp0", "created_at": "2023-12-13T09:46:10.098Z", "expires_at": "2024-03-12T09:46:10Z"}}, {"model": "token_blacklist.outstandingtoken", "pk": 62, "fields": {"user": null, "jti": "f903d0fb752c4d6f9e17865cc9859abb", "token": "eyJhbGciOiJIUzI1NiIsInR5cCI6IkpXVCJ9.eyJ0b2tlbl90eXBlIjoicmVmcmVzaCIsImV4cCI6MTcxMDI2NzQwMiwiaWF0IjoxNzAyNDkxNDAyLCJqdGkiOiJmOTAzZDBmYjc1MmM0ZDZmOWUxNzg2NWNjOTg1OWFiYiIsInVzZXJfaWQiOjEwfQ.sHjuU_36lNvqhHv2Tgw552Ryr49RLtj8S41BzyfLa98", "created_at": "2023-12-13T18:16:42.828Z", "expires_at": "2024-03-12T18:16:42Z"}}, {"model": "token_blacklist.outstandingtoken", "pk": 63, "fields": {"user": 11, "jti": "cdd51a80296a476791837cb19a7c7bc7", "token": "eyJhbGciOiJIUzI1NiIsInR5cCI6IkpXVCJ9.eyJ0b2tlbl90eXBlIjoicmVmcmVzaCIsImV4cCI6MTcxMDMyNTk3NiwiaWF0IjoxNzAyNTQ5OTc2LCJqdGkiOiJjZGQ1MWE4MDI5NmE0NzY3OTE4MzdjYjE5YTdjN2JjNyIsInVzZXJfaWQiOjExfQ.Up9HYYJGn4etHtL3KHSRQktay8JwXyWR3elplGoeWdA", "created_at": "2023-12-14T10:32:56.861Z", "expires_at": "2024-03-13T10:32:56Z"}}, {"model": "token_blacklist.outstandingtoken", "pk": 64, "fields": {"user": 11, "jti": "122cd391d2524c9b9bba5514a9a1dfca", "token": "eyJhbGciOiJIUzI1NiIsInR5cCI6IkpXVCJ9.eyJ0b2tlbl90eXBlIjoicmVmcmVzaCIsImV4cCI6MTcxMDQwNDU4NiwiaWF0IjoxNzAyNjI4NTg2LCJqdGkiOiIxMjJjZDM5MWQyNTI0YzliOWJiYTU1MTRhOWExZGZjYSIsInVzZXJfaWQiOjExfQ.gqACEKS0kwgITlyDD8xMlOD5bd_EK4j1LoB1FQ6PNfU", "created_at": "2023-12-15T08:23:06.943Z", "expires_at": "2024-03-14T08:23:06Z"}}, {"model": "token_blacklist.outstandingtoken", "pk": 65, "fields": {"user": null, "jti": "080e828f9b8b4918b8878d189d9f8d44", "token": "eyJhbGciOiJIUzI1NiIsInR5cCI6IkpXVCJ9.eyJ0b2tlbl90eXBlIjoicmVmcmVzaCIsImV4cCI6MTcxMDQwNDYwNSwiaWF0IjoxNzAyNjI4NjA1LCJqdGkiOiIwODBlODI4ZjliOGI0OTE4Yjg4NzhkMTg5ZDlmOGQ0NCIsInVzZXJfaWQiOjE0fQ.q3O9wY5EjjPEpBD8HmBNqOyqC6Qjhoes7vuDEvur-3E", "created_at": "2023-12-15T08:23:25.663Z", "expires_at": "2024-03-14T08:23:25Z"}}, {"model": "token_blacklist.outstandingtoken", "pk": 66, "fields": {"user": null, "jti": "497e7a5eab5c444a897c41e3d5d016c6", "token": "eyJhbGciOiJIUzI1NiIsInR5cCI6IkpXVCJ9.eyJ0b2tlbl90eXBlIjoicmVmcmVzaCIsImV4cCI6MTcxMDQwNDc1OCwiaWF0IjoxNzAyNjI4NzU4LCJqdGkiOiI0OTdlN2E1ZWFiNWM0NDRhODk3YzQxZTNkNWQwMTZjNiIsInVzZXJfaWQiOjE0fQ._gio5w_5lEwN19Cw-g58Pyf5WUgV7HqqFlHFgKL4i5I", "created_at": "2023-12-15T08:25:58.197Z", "expires_at": "2024-03-14T08:25:58Z"}}, {"model": "token_blacklist.outstandingtoken", "pk": 67, "fields": {"user": null, "jti": "8c519122210945d599cbc05b3e36677d", "token": "eyJhbGciOiJIUzI1NiIsInR5cCI6IkpXVCJ9.eyJ0b2tlbl90eXBlIjoicmVmcmVzaCIsImV4cCI6MTcxMDQwNDgwOSwiaWF0IjoxNzAyNjI4ODA5LCJqdGkiOiI4YzUxOTEyMjIxMDk0NWQ1OTljYmMwNWIzZTM2Njc3ZCIsInVzZXJfaWQiOjE0fQ.6Pja3csBob3gOzh9CAmt5O3EKmPcX0XOKe1kz8Yi1mg", "created_at": "2023-12-15T08:26:49.741Z", "expires_at": "2024-03-14T08:26:49Z"}}, {"model": "token_blacklist.outstandingtoken", "pk": 68, "fields": {"user": null, "jti": "2008288e6d344ae99297e4308fc1ee36", "token": "eyJhbGciOiJIUzI1NiIsInR5cCI6IkpXVCJ9.eyJ0b2tlbl90eXBlIjoicmVmcmVzaCIsImV4cCI6MTcxMDQwNDg0NywiaWF0IjoxNzAyNjI4ODQ3LCJqdGkiOiIyMDA4Mjg4ZTZkMzQ0YWU5OTI5N2U0MzA4ZmMxZWUzNiIsInVzZXJfaWQiOjE0fQ.EzioLfO4qjAr1tw2IluMAufS3hL4mq3swi7CIPwK_tQ", "created_at": "2023-12-15T08:27:27.663Z", "expires_at": "2024-03-14T08:27:27Z"}}, {"model": "token_blacklist.outstandingtoken", "pk": 69, "fields": {"user": null, "jti": "1afadc634768431dbf8e37f8994f6e5b", "token": "eyJhbGciOiJIUzI1NiIsInR5cCI6IkpXVCJ9.eyJ0b2tlbl90eXBlIjoicmVmcmVzaCIsImV4cCI6MTcxMDQxNzQxOCwiaWF0IjoxNzAyNjQxNDE4LCJqdGkiOiIxYWZhZGM2MzQ3Njg0MzFkYmY4ZTM3Zjg5OTRmNmU1YiIsInVzZXJfaWQiOjE0fQ.bdA9qVDbKJKuqo1ZgCKmqVOpi74rszfw58GwdhthMio", "created_at": "2023-12-15T11:56:58.560Z", "expires_at": "2024-03-14T11:56:58Z"}}, {"model": "token_blacklist.outstandingtoken", "pk": 70, "fields": {"user": 11, "jti": "f2d0db21877b4ce5ab37ea387e6d3a2e", "token": "eyJhbGciOiJIUzI1NiIsInR5cCI6IkpXVCJ9.eyJ0b2tlbl90eXBlIjoicmVmcmVzaCIsImV4cCI6MTcxMDQyMTQwOSwiaWF0IjoxNzAyNjQ1NDA5LCJqdGkiOiJmMmQwZGIyMTg3N2I0Y2U1YWIzN2VhMzg3ZTZkM2EyZSIsInVzZXJfaWQiOjExfQ.hQWSqtA96F5OOBcqQ1ExpFUc2K7rZuMjj-mgLUCnzk4", "created_at": "2023-12-15T13:03:29.572Z", "expires_at": "2024-03-14T13:03:29Z"}}, {"model": "token_blacklist.outstandingtoken", "pk": 71, "fields": {"user": 15, "jti": "ab023e8c569f45da81bd61c05d564f86", "token": "eyJhbGciOiJIUzI1NiIsInR5cCI6IkpXVCJ9.eyJ0b2tlbl90eXBlIjoicmVmcmVzaCIsImV4cCI6MTcxMDQ2MDU3MCwiaWF0IjoxNzAyNjg0NTcwLCJqdGkiOiJhYjAyM2U4YzU2OWY0NWRhODFiZDYxYzA1ZDU2NGY4NiIsInVzZXJfaWQiOjE1fQ.obwcQ8pIwfg4EWCXf1AUJrQLqgJIv6Nw_BlDFgFwJnY", "created_at": "2023-12-15T23:56:10.684Z", "expires_at": "2024-03-14T23:56:10Z"}}, {"model": "token_blacklist.outstandingtoken", "pk": 72, "fields": {"user": 15, "jti": "761dcccbf8324e279f51986880d42dd4", "token": "eyJhbGciOiJIUzI1NiIsInR5cCI6IkpXVCJ9.eyJ0b2tlbl90eXBlIjoicmVmcmVzaCIsImV4cCI6MTcxMDQ2MzA1MCwiaWF0IjoxNzAyNjg3MDUwLCJqdGkiOiI3NjFkY2NjYmY4MzI0ZTI3OWY1MTk4Njg4MGQ0MmRkNCIsInVzZXJfaWQiOjE1fQ.0koxjr7dNwpt7nI1YbpQEwWkSxshWnvoDtCyYdhTstw", "created_at": "2023-12-16T00:37:30.721Z", "expires_at": "2024-03-15T00:37:30Z"}}, {"model": "token_blacklist.outstandingtoken", "pk": 73, "fields": {"user": 15, "jti": "f14a141dd8874b07a0eb7923ec2592f1", "token": "eyJhbGciOiJIUzI1NiIsInR5cCI6IkpXVCJ9.eyJ0b2tlbl90eXBlIjoicmVmcmVzaCIsImV4cCI6MTcxMDUzMTI5MCwiaWF0IjoxNzAyNzU1MjkwLCJqdGkiOiJmMTRhMTQxZGQ4ODc0YjA3YTBlYjc5MjNlYzI1OTJmMSIsInVzZXJfaWQiOjE1fQ.5YrwXdQ1ycM7DyR7AUwAt4_q8DrneFpt2mHFzdTnVaA", "created_at": "2023-12-16T19:34:50.910Z", "expires_at": "2024-03-15T19:34:50Z"}}, {"model": "token_blacklist.outstandingtoken", "pk": 74, "fields": {"user": 15, "jti": "60c314c1b417466f91be511094100497", "token": "eyJhbGciOiJIUzI1NiIsInR5cCI6IkpXVCJ9.eyJ0b2tlbl90eXBlIjoicmVmcmVzaCIsImV4cCI6MTcxMDY3NDY0MSwiaWF0IjoxNzAyODk4NjQxLCJqdGkiOiI2MGMzMTRjMWI0MTc0NjZmOTFiZTUxMTA5NDEwMDQ5NyIsInVzZXJfaWQiOjE1fQ.OhuF_UGglgA2amwk0O2NcD4mKKOo0lJAVKxcszDEniI", "created_at": "2023-12-18T11:24:01.262Z", "expires_at": "2024-03-17T11:24:01Z"}}, {"model": "token_blacklist.outstandingtoken", "pk": 75, "fields": {"user": 2, "jti": "a2737deadae84d7780257e59ccfb9d88", "token": "eyJhbGciOiJIUzI1NiIsInR5cCI6IkpXVCJ9.eyJ0b2tlbl90eXBlIjoicmVmcmVzaCIsImV4cCI6MTcxMDY3ODg3NiwiaWF0IjoxNzAyOTAyODc2LCJqdGkiOiJhMjczN2RlYWRhZTg0ZDc3ODAyNTdlNTljY2ZiOWQ4OCIsInVzZXJfaWQiOjJ9.WNiOX1UwlontPZnZnjlRePS6fxEiypq5803DzoCFIoE", "created_at": "2023-12-18T12:34:36.087Z", "expires_at": "2024-03-17T12:34:36Z"}}, {"model": "token_blacklist.outstandingtoken", "pk": 76, "fields": {"user": 15, "jti": "428c1e14610d477a82925aa4d3018986", "token": "eyJhbGciOiJIUzI1NiIsInR5cCI6IkpXVCJ9.eyJ0b2tlbl90eXBlIjoicmVmcmVzaCIsImV4cCI6MTcxMDc0ODY2NCwiaWF0IjoxNzAyOTcyNjY0LCJqdGkiOiI0MjhjMWUxNDYxMGQ0NzdhODI5MjVhYTRkMzAxODk4NiIsInVzZXJfaWQiOjE1fQ.VBbkX1DF3WZ_uMEAQJ2AH-ullUeiMDx6M2YYgZ93ySc", "created_at": "2023-12-19T07:57:44.875Z", "expires_at": "2024-03-18T07:57:44Z"}}, {"model": "token_blacklist.outstandingtoken", "pk": 77, "fields": {"user": 15, "jti": "9f2743132fcb4cad965196367541a257", "token": "eyJhbGciOiJIUzI1NiIsInR5cCI6IkpXVCJ9.eyJ0b2tlbl90eXBlIjoicmVmcmVzaCIsImV4cCI6MTcxMDc1MDc5MCwiaWF0IjoxNzAyOTc0NzkwLCJqdGkiOiI5ZjI3NDMxMzJmY2I0Y2FkOTY1MTk2MzY3NTQxYTI1NyIsInVzZXJfaWQiOjE1fQ.b-McC1tEwGAAQQSvd458GM7EKcKqKANFUJQVtMJdNuo", "created_at": "2023-12-19T08:33:10.566Z", "expires_at": "2024-03-18T08:33:10Z"}}, {"model": "token_blacklist.outstandingtoken", "pk": 78, "fields": {"user": 15, "jti": "05755d61a1b143bbbdc43919e657387d", "token": "eyJhbGciOiJIUzI1NiIsInR5cCI6IkpXVCJ9.eyJ0b2tlbl90eXBlIjoicmVmcmVzaCIsImV4cCI6MTcxMDc5MTk5MSwiaWF0IjoxNzAzMDE1OTkxLCJqdGkiOiIwNTc1NWQ2MWExYjE0M2JiYmRjNDM5MTllNjU3Mzg3ZCIsInVzZXJfaWQiOjE1fQ.WRjbPYA6ngirampE92G0vpO5v-hwO-mLaPUDvQoCk0M", "created_at": "2023-12-19T19:59:51.047Z", "expires_at": "2024-03-18T19:59:51Z"}}, {"model": "token_blacklist.outstandingtoken", "pk": 79, "fields": {"user": 15, "jti": "1b4cd18c51e4423aa82e3e6dbb73a411", "token": "eyJhbGciOiJIUzI1NiIsInR5cCI6IkpXVCJ9.eyJ0b2tlbl90eXBlIjoicmVmcmVzaCIsImV4cCI6MTcxMDc5MTk5MSwiaWF0IjoxNzAzMDE1OTkxLCJqdGkiOiIxYjRjZDE4YzUxZTQ0MjNhYTgyZTNlNmRiYjczYTQxMSIsInVzZXJfaWQiOjE1fQ.H0nIL65aShG556f8G2ZU7c3nAna2T7g9cwY-lJBabFI", "created_at": "2023-12-19T19:59:51.117Z", "expires_at": "2024-03-18T19:59:51Z"}}, {"model": "token_blacklist.outstandingtoken", "pk": 80, "fields": {"user": 15, "jti": "bd4abf1aaa244b708c67f0583c92b879", "token": "eyJhbGciOiJIUzI1NiIsInR5cCI6IkpXVCJ9.eyJ0b2tlbl90eXBlIjoicmVmcmVzaCIsImV4cCI6MTcxMDg1Mzk2NSwiaWF0IjoxNzAzMDc3OTY1LCJqdGkiOiJiZDRhYmYxYWFhMjQ0YjcwOGM2N2YwNTgzYzkyYjg3OSIsInVzZXJfaWQiOjE1fQ.t99cvmZR__l5RNuauNOX-Cj8_8WoXIv1OCq8fEdpWVg", "created_at": "2023-12-20T13:12:45.269Z", "expires_at": "2024-03-19T13:12:45Z"}}, {"model": "token_blacklist.outstandingtoken", "pk": 81, "fields": {"user": 16, "jti": "79c9887a95564f108a23c6eef2fb2f1a", "token": "eyJhbGciOiJIUzI1NiIsInR5cCI6IkpXVCJ9.eyJ0b2tlbl90eXBlIjoicmVmcmVzaCIsImV4cCI6MTcxMDg4MDU0NCwiaWF0IjoxNzAzMTA0NTQ0LCJqdGkiOiI3OWM5ODg3YTk1NTY0ZjEwOGEyM2M2ZWVmMmZiMmYxYSIsInVzZXJfaWQiOjE2fQ.v4o2dijelEh0oltxtzApHRovlWEojff8xav356VdkTM", "created_at": "2023-12-20T20:35:44.831Z", "expires_at": "2024-03-19T20:35:44Z"}}, {"model": "token_blacklist.outstandingtoken", "pk": 82, "fields": {"user": 16, "jti": "b2977c0495fc44c2be1e5235bf8db338", "token": "eyJhbGciOiJIUzI1NiIsInR5cCI6IkpXVCJ9.eyJ0b2tlbl90eXBlIjoicmVmcmVzaCIsImV4cCI6MTcxMDkzNDg5NSwiaWF0IjoxNzAzMTU4ODk1LCJqdGkiOiJiMjk3N2MwNDk1ZmM0NGMyYmUxZTUyMzViZjhkYjMzOCIsInVzZXJfaWQiOjE2fQ.q_p2c9Wr5T6IhgfqYqt0pXfQE4SbHK--0ZzeBODov94", "created_at": "2023-12-21T11:41:35.029Z", "expires_at": "2024-03-20T11:41:35Z"}}, {"model": "token_blacklist.outstandingtoken", "pk": 83, "fields": {"user": 16, "jti": "84a07fd46aeb466d9296b9d249f57541", "token": "eyJhbGciOiJIUzI1NiIsInR5cCI6IkpXVCJ9.eyJ0b2tlbl90eXBlIjoicmVmcmVzaCIsImV4cCI6MTcxMDk2MzI4OSwiaWF0IjoxNzAzMTg3Mjg5LCJqdGkiOiI4NGEwN2ZkNDZhZWI0NjZkOTI5NmI5ZDI0OWY1NzU0MSIsInVzZXJfaWQiOjE2fQ.mxcYpO9dLroUeMPS_7EQiCN2WFKLKm-DY1Q7mphLqZg", "created_at": "2023-12-21T19:34:49.358Z", "expires_at": "2024-03-20T19:34:49Z"}}, {"model": "token_blacklist.outstandingtoken", "pk": 84, "fields": {"user": 16, "jti": "2e2d83701efd40088b880daafb9173ae", "token": "eyJhbGciOiJIUzI1NiIsInR5cCI6IkpXVCJ9.eyJ0b2tlbl90eXBlIjoicmVmcmVzaCIsImV4cCI6MTcxMDk2MzU0NywiaWF0IjoxNzAzMTg3NTQ3LCJqdGkiOiIyZTJkODM3MDFlZmQ0MDA4OGI4ODBkYWFmYjkxNzNhZSIsInVzZXJfaWQiOjE2fQ.CA3E6J_qFDKBorAII-b3eyNV4LaIzOk4YAcgbQJPHys", "created_at": "2023-12-21T19:39:07.892Z", "expires_at": "2024-03-20T19:39:07Z"}}, {"model": "token_blacklist.outstandingtoken", "pk": 85, "fields": {"user": 16, "jti": "f4fca762fae84137b8b94e80dcbd21a9", "token": "eyJhbGciOiJIUzI1NiIsInR5cCI6IkpXVCJ9.eyJ0b2tlbl90eXBlIjoicmVmcmVzaCIsImV4cCI6MTcxMDk2MzU4MCwiaWF0IjoxNzAzMTg3NTgwLCJqdGkiOiJmNGZjYTc2MmZhZTg0MTM3YjhiOTRlODBkY2JkMjFhOSIsInVzZXJfaWQiOjE2fQ.T5R-hMIGNxU3VQn733xJ7OSEYcgzinlsZf7zwQ33HY8", "created_at": "2023-12-21T19:39:40.216Z", "expires_at": "2024-03-20T19:39:40Z"}}, {"model": "token_blacklist.outstandingtoken", "pk": 86, "fields": {"user": 15, "jti": "ec053906d84540c6a501f8cc87993e77", "token": "eyJhbGciOiJIUzI1NiIsInR5cCI6IkpXVCJ9.eyJ0b2tlbl90eXBlIjoicmVmcmVzaCIsImV4cCI6MTcxMTAwODM0OSwiaWF0IjoxNzAzMjMyMzQ5LCJqdGkiOiJlYzA1MzkwNmQ4NDU0MGM2YTUwMWY4Y2M4Nzk5M2U3NyIsInVzZXJfaWQiOjE1fQ.QeGIwNDYn6NdFmVnrmIlB3OiOK1wJic8qUctEse9Wco", "created_at": "2023-12-22T08:05:49.776Z", "expires_at": "2024-03-21T08:05:49Z"}}, {"model": "token_blacklist.outstandingtoken", "pk": 87, "fields": {"user": 16, "jti": "4c6816e9267a4287a102cb52ce54f137", "token": "eyJhbGciOiJIUzI1NiIsInR5cCI6IkpXVCJ9.eyJ0b2tlbl90eXBlIjoicmVmcmVzaCIsImV4cCI6MTcxMTAxMDY2NSwiaWF0IjoxNzAzMjM0NjY1LCJqdGkiOiI0YzY4MTZlOTI2N2E0Mjg3YTEwMmNiNTJjZTU0ZjEzNyIsInVzZXJfaWQiOjE2fQ.w1ES2iz3bwLe5NmFyxbPHwH9I1BpWCl5ZR-EsE7KzW8", "created_at": "2023-12-22T08:44:25.455Z", "expires_at": "2024-03-21T08:44:25Z"}}, {"model": "token_blacklist.outstandingtoken", "pk": 88, "fields": {"user": 15, "jti": "5b24121af8be4d40b0a114d3187d7f88", "token": "eyJhbGciOiJIUzI1NiIsInR5cCI6IkpXVCJ9.eyJ0b2tlbl90eXBlIjoicmVmcmVzaCIsImV4cCI6MTcxMTAzMTMyMSwiaWF0IjoxNzAzMjU1MzIxLCJqdGkiOiI1YjI0MTIxYWY4YmU0ZDQwYjBhMTE0ZDMxODdkN2Y4OCIsInVzZXJfaWQiOjE1fQ.zOROZQTqFIEa-10dmQZ-fZEcrdzwfUgnMSGnPH9YuVQ", "created_at": "2023-12-22T14:28:41.548Z", "expires_at": "2024-03-21T14:28:41Z"}}, {"model": "token_blacklist.outstandingtoken", "pk": 89, "fields": {"user": 15, "jti": "9d0b77f3d61442b7b636d60a953dea0e", "token": "eyJhbGciOiJIUzI1NiIsInR5cCI6IkpXVCJ9.eyJ0b2tlbl90eXBlIjoicmVmcmVzaCIsImV4cCI6MTcxMTAzMjA0MywiaWF0IjoxNzAzMjU2MDQzLCJqdGkiOiI5ZDBiNzdmM2Q2MTQ0MmI3YjYzNmQ2MGE5NTNkZWEwZSIsInVzZXJfaWQiOjE1fQ.HN9J1aKebx-9oOsed_OToO7KlEJSZmLMuPLlFZMyTeY", "created_at": "2023-12-22T14:40:43.473Z", "expires_at": "2024-03-21T14:40:43Z"}}, {"model": "token_blacklist.outstandingtoken", "pk": 90, "fields": {"user": 15, "jti": "e1479597b99c40d4bd3a045efebd32df", "token": "eyJhbGciOiJIUzI1NiIsInR5cCI6IkpXVCJ9.eyJ0b2tlbl90eXBlIjoicmVmcmVzaCIsImV4cCI6MTcxMTAzMjE1MCwiaWF0IjoxNzAzMjU2MTUwLCJqdGkiOiJlMTQ3OTU5N2I5OWM0MGQ0YmQzYTA0NWVmZWJkMzJkZiIsInVzZXJfaWQiOjE1fQ.35WOWzHB9oUJzZUaNq0sa_g_3pc4Y9HLER44YuBKwUI", "created_at": "2023-12-22T14:42:30.527Z", "expires_at": "2024-03-21T14:42:30Z"}}, {"model": "token_blacklist.outstandingtoken", "pk": 91, "fields": {"user": 15, "jti": "8d04959c6ae74bd3b59da7e6c5406348", "token": "eyJhbGciOiJIUzI1NiIsInR5cCI6IkpXVCJ9.eyJ0b2tlbl90eXBlIjoicmVmcmVzaCIsImV4cCI6MTcxMTAzMjIxOCwiaWF0IjoxNzAzMjU2MjE4LCJqdGkiOiI4ZDA0OTU5YzZhZTc0YmQzYjU5ZGE3ZTZjNTQwNjM0OCIsInVzZXJfaWQiOjE1fQ.WK37oBH3sdqVLnJru3-WPN9KMGcE3-qNOqS5isVeOkk", "created_at": "2023-12-22T14:43:38.955Z", "expires_at": "2024-03-21T14:43:38Z"}}, {"model": "token_blacklist.outstandingtoken", "pk": 92, "fields": {"user": 15, "jti": "cf56baa639234c05affac33ccd3d7176", "token": "eyJhbGciOiJIUzI1NiIsInR5cCI6IkpXVCJ9.eyJ0b2tlbl90eXBlIjoicmVmcmVzaCIsImV4cCI6MTcxMTAzMzA0NiwiaWF0IjoxNzAzMjU3MDQ2LCJqdGkiOiJjZjU2YmFhNjM5MjM0YzA1YWZmYWMzM2NjZDNkNzE3NiIsInVzZXJfaWQiOjE1fQ.BQ30up6GQltrFMfT7o8Ldx_Z0wdecEq3w0PXimhsHes", "created_at": "2023-12-22T14:57:26.715Z", "expires_at": "2024-03-21T14:57:26Z"}}, {"model": "token_blacklist.outstandingtoken", "pk": 93, "fields": {"user": 15, "jti": "d19d2280c4b746ed9ec529cd69da0f54", "token": "eyJhbGciOiJIUzI1NiIsInR5cCI6IkpXVCJ9.eyJ0b2tlbl90eXBlIjoicmVmcmVzaCIsImV4cCI6MTcxMTAzMzIxMywiaWF0IjoxNzAzMjU3MjEzLCJqdGkiOiJkMTlkMjI4MGM0Yjc0NmVkOWVjNTI5Y2Q2OWRhMGY1NCIsInVzZXJfaWQiOjE1fQ.6aO2HLfSFI3OItgESjB2PyCnN8JX1bYtrQeinHryjUo", "created_at": "2023-12-22T15:00:13.312Z", "expires_at": "2024-03-21T15:00:13Z"}}, {"model": "token_blacklist.outstandingtoken", "pk": 94, "fields": {"user": 15, "jti": "77fca00ff551486ea283c24108b65202", "token": "eyJhbGciOiJIUzI1NiIsInR5cCI6IkpXVCJ9.eyJ0b2tlbl90eXBlIjoicmVmcmVzaCIsImV4cCI6MTcxMTAzMzI3NywiaWF0IjoxNzAzMjU3Mjc3LCJqdGkiOiI3N2ZjYTAwZmY1NTE0ODZlYTI4M2MyNDEwOGI2NTIwMiIsInVzZXJfaWQiOjE1fQ.KzU1ytqph6UaottXJDR2JMhI2xdtJ5tKv6qmxr1bJWc", "created_at": "2023-12-22T15:01:17.576Z", "expires_at": "2024-03-21T15:01:17Z"}}, {"model": "token_blacklist.outstandingtoken", "pk": 95, "fields": {"user": 15, "jti": "c105afe6ba0349f1991cb51798a7d565", "token": "eyJhbGciOiJIUzI1NiIsInR5cCI6IkpXVCJ9.eyJ0b2tlbl90eXBlIjoicmVmcmVzaCIsImV4cCI6MTcxMTAzMzYxMiwiaWF0IjoxNzAzMjU3NjEyLCJqdGkiOiJjMTA1YWZlNmJhMDM0OWYxOTkxY2I1MTc5OGE3ZDU2NSIsInVzZXJfaWQiOjE1fQ.VOYAXgPOkJFOx8W8ZonuuJD8rYfRmIpU86v1oYq3ds0", "created_at": "2023-12-22T15:06:52.260Z", "expires_at": "2024-03-21T15:06:52Z"}}, {"model": "token_blacklist.outstandingtoken", "pk": 96, "fields": {"user": 15, "jti": "39524e9104574da3981e545c3a5df73d", "token": "eyJhbGciOiJIUzI1NiIsInR5cCI6IkpXVCJ9.eyJ0b2tlbl90eXBlIjoicmVmcmVzaCIsImV4cCI6MTcxMTAzNTEwMiwiaWF0IjoxNzAzMjU5MTAyLCJqdGkiOiIzOTUyNGU5MTA0NTc0ZGEzOTgxZTU0NWMzYTVkZjczZCIsInVzZXJfaWQiOjE1fQ.33V9hJF4lHkm5d7MmP9fpFizBdV-fJAK-2rzu36K2NY", "created_at": "2023-12-22T15:31:42.673Z", "expires_at": "2024-03-21T15:31:42Z"}}, {"model": "token_blacklist.outstandingtoken", "pk": 97, "fields": {"user": 15, "jti": "09cc92a799c34938a507e640f59ebc47", "token": "eyJhbGciOiJIUzI1NiIsInR5cCI6IkpXVCJ9.eyJ0b2tlbl90eXBlIjoicmVmcmVzaCIsImV4cCI6MTcxMTEzMzAzMywiaWF0IjoxNzAzMzU3MDMzLCJqdGkiOiIwOWNjOTJhNzk5YzM0OTM4YTUwN2U2NDBmNTllYmM0NyIsInVzZXJfaWQiOjE1fQ.iKs2jmd0qon95BMA1akcyyjTdJ9qVOoa9-kCh8Y928Q", "created_at": "2023-12-23T18:43:53.667Z", "expires_at": "2024-03-22T18:43:53Z"}}, {"model": "token_blacklist.outstandingtoken", "pk": 98, "fields": {"user": 15, "jti": "7f83293dcee049b8ba27c968c669901d", "token": "eyJhbGciOiJIUzI1NiIsInR5cCI6IkpXVCJ9.eyJ0b2tlbl90eXBlIjoicmVmcmVzaCIsImV4cCI6MTcxMTIxNzYyMywiaWF0IjoxNzAzNDQxNjIzLCJqdGkiOiI3ZjgzMjkzZGNlZTA0OWI4YmEyN2M5NjhjNjY5OTAxZCIsInVzZXJfaWQiOjE1fQ.hOVmxAnP0p1RNrS46RVyAZ2yswqkWthFDlfHTROwDrI", "created_at": "2023-12-24T18:13:43.948Z", "expires_at": "2024-03-23T18:13:43Z"}}, {"model": "token_blacklist.outstandingtoken", "pk": 99, "fields": {"user": 11, "jti": "8c7f03ae531447a880b06eabfe4de0d7", "token": "eyJhbGciOiJIUzI1NiIsInR5cCI6IkpXVCJ9.eyJ0b2tlbl90eXBlIjoicmVmcmVzaCIsImV4cCI6MTcxMTM3MjgxMywiaWF0IjoxNzAzNTk2ODEzLCJqdGkiOiI4YzdmMDNhZTUzMTQ0N2E4ODBiMDZlYWJmZTRkZTBkNyIsInVzZXJfaWQiOjExfQ.7V1zlLMbDqFP2o75wKtIJsDELPDMXkdfQeAMN904rSk", "created_at": "2023-12-26T13:20:13.218Z", "expires_at": "2024-03-25T13:20:13Z"}}, {"model": "token_blacklist.outstandingtoken", "pk": 100, "fields": {"user": 11, "jti": "dc6b797d8d234bf2ba055bd6173858ed", "token": "eyJhbGciOiJIUzI1NiIsInR5cCI6IkpXVCJ9.eyJ0b2tlbl90eXBlIjoicmVmcmVzaCIsImV4cCI6MTcxMTM3MjkzNywiaWF0IjoxNzAzNTk2OTM3LCJqdGkiOiJkYzZiNzk3ZDhkMjM0YmYyYmEwNTViZDYxNzM4NThlZCIsInVzZXJfaWQiOjExfQ.-uRRfJIh_CWNwJhUM8VYMe48E1WFmTX60QxL782ougI", "created_at": "2023-12-26T13:22:17.703Z", "expires_at": "2024-03-25T13:22:17Z"}}, {"model": "token_blacklist.outstandingtoken", "pk": 101, "fields": {"user": 11, "jti": "d41f35f2e00c4a7daccf165ce1d8f6d0", "token": "eyJhbGciOiJIUzI1NiIsInR5cCI6IkpXVCJ9.eyJ0b2tlbl90eXBlIjoicmVmcmVzaCIsImV4cCI6MTcxMTM3MzA5NCwiaWF0IjoxNzAzNTk3MDk0LCJqdGkiOiJkNDFmMzVmMmUwMGM0YTdkYWNjZjE2NWNlMWQ4ZjZkMCIsInVzZXJfaWQiOjExfQ.LlQMFJLvzcs376j3MAN0RkZUTE9_K4HjLzaVmuvEeSo", "created_at": "2023-12-26T13:24:54.303Z", "expires_at": "2024-03-25T13:24:54Z"}}, {"model": "token_blacklist.outstandingtoken", "pk": 102, "fields": {"user": 11, "jti": "8d09afcae70c45e58c617d01f11eb74e", "token": "eyJhbGciOiJIUzI1NiIsInR5cCI6IkpXVCJ9.eyJ0b2tlbl90eXBlIjoicmVmcmVzaCIsImV4cCI6MTcxMTM3MzI4MSwiaWF0IjoxNzAzNTk3MjgxLCJqdGkiOiI4ZDA5YWZjYWU3MGM0NWU1OGM2MTdkMDFmMTFlYjc0ZSIsInVzZXJfaWQiOjExfQ.eD3R7cbgeUZlFoA09xjy1sa08QN1H0c9tua--xWwWL0", "created_at": "2023-12-26T13:28:01.373Z", "expires_at": "2024-03-25T13:28:01Z"}}, {"model": "token_blacklist.outstandingtoken", "pk": 103, "fields": {"user": 15, "jti": "cff1a52a137345efb2ede16341f30f33", "token": "eyJhbGciOiJIUzI1NiIsInR5cCI6IkpXVCJ9.eyJ0b2tlbl90eXBlIjoicmVmcmVzaCIsImV4cCI6MTcxMTgzNzIyNSwiaWF0IjoxNzA0MDYxMjI1LCJqdGkiOiJjZmYxYTUyYTEzNzM0NWVmYjJlZGUxNjM0MWYzMGYzMyIsInVzZXJfaWQiOjE1fQ.D4gLeIQ4qnpLADV39I0Yn7Z_Ku6nBfCQUdewoJY0oX0", "created_at": "2023-12-31T22:20:25.428Z", "expires_at": "2024-03-30T22:20:25Z"}}, {"model": "token_blacklist.outstandingtoken", "pk": 104, "fields": {"user": 15, "jti": "e2f61d8c5c7c4e36b55df5955636ba38", "token": "eyJhbGciOiJIUzI1NiIsInR5cCI6IkpXVCJ9.eyJ0b2tlbl90eXBlIjoicmVmcmVzaCIsImV4cCI6MTcxMTgzNzQyNSwiaWF0IjoxNzA0MDYxNDI1LCJqdGkiOiJlMmY2MWQ4YzVjN2M0ZTM2YjU1ZGY1OTU1NjM2YmEzOCIsInVzZXJfaWQiOjE1fQ.C81bMiBexvLVvUP6UCcU3rUMPIaIgSI1dqyNGBImv4Y", "created_at": "2023-12-31T22:23:45.424Z", "expires_at": "2024-03-30T22:23:45Z"}}, {"model": "token_blacklist.outstandingtoken", "pk": 105, "fields": {"user": 15, "jti": "0eda3015e7824d9cb32f22960562812c", "token": "eyJhbGciOiJIUzI1NiIsInR5cCI6IkpXVCJ9.eyJ0b2tlbl90eXBlIjoicmVmcmVzaCIsImV4cCI6MTcxMTgzNzQyNywiaWF0IjoxNzA0MDYxNDI3LCJqdGkiOiIwZWRhMzAxNWU3ODI0ZDljYjMyZjIyOTYwNTYyODEyYyIsInVzZXJfaWQiOjE1fQ.ndOFHhsTrc8DOGj0KCleaCwnx-o16MOE9phe3sxvgn0", "created_at": "2023-12-31T22:23:47.848Z", "expires_at": "2024-03-30T22:23:47Z"}}, {"model": "token_blacklist.outstandingtoken", "pk": 106, "fields": {"user": 15, "jti": "fde054f9663b4109885f3a4700fc1038", "token": "eyJhbGciOiJIUzI1NiIsInR5cCI6IkpXVCJ9.eyJ0b2tlbl90eXBlIjoicmVmcmVzaCIsImV4cCI6MTcxMTgzNzQ0MCwiaWF0IjoxNzA0MDYxNDQwLCJqdGkiOiJmZGUwNTRmOTY2M2I0MTA5ODg1ZjNhNDcwMGZjMTAzOCIsInVzZXJfaWQiOjE1fQ.P6CMiQsl9-xGb3zKQ88zGRa2ixTevVEzSd_dfjEQdLA", "created_at": "2023-12-31T22:24:00.543Z", "expires_at": "2024-03-30T22:24:00Z"}}, {"model": "token_blacklist.outstandingtoken", "pk": 107, "fields": {"user": 15, "jti": "346db5f8055d46e792f39ea14067d8eb", "token": "eyJhbGciOiJIUzI1NiIsInR5cCI6IkpXVCJ9.eyJ0b2tlbl90eXBlIjoicmVmcmVzaCIsImV4cCI6MTcxMTgzNzQ1NCwiaWF0IjoxNzA0MDYxNDU0LCJqdGkiOiIzNDZkYjVmODA1NWQ0NmU3OTJmMzllYTE0MDY3ZDhlYiIsInVzZXJfaWQiOjE1fQ.qe0NiErwGF9UdXfXjdj9MpN3r406HOvf5vHYeMd09D4", "created_at": "2023-12-31T22:24:14.856Z", "expires_at": "2024-03-30T22:24:14Z"}}, {"model": "token_blacklist.outstandingtoken", "pk": 108, "fields": {"user": 15, "jti": "d6ab67ec13204ee380074809fe389f9b", "token": "eyJhbGciOiJIUzI1NiIsInR5cCI6IkpXVCJ9.eyJ0b2tlbl90eXBlIjoicmVmcmVzaCIsImV4cCI6MTcxMTgzNzQ4MSwiaWF0IjoxNzA0MDYxNDgxLCJqdGkiOiJkNmFiNjdlYzEzMjA0ZWUzODAwNzQ4MDlmZTM4OWY5YiIsInVzZXJfaWQiOjE1fQ.1s11HBEFXybk65xgWBXNzJYsWPSpK135EQygh3bGYf4", "created_at": "2023-12-31T22:24:41.147Z", "expires_at": "2024-03-30T22:24:41Z"}}, {"model": "token_blacklist.outstandingtoken", "pk": 109, "fields": {"user": 15, "jti": "530aedc824e044c18938ba727ca8ba34", "token": "eyJhbGciOiJIUzI1NiIsInR5cCI6IkpXVCJ9.eyJ0b2tlbl90eXBlIjoicmVmcmVzaCIsImV4cCI6MTcxMjE3Mzg2MCwiaWF0IjoxNzA0Mzk3ODYwLCJqdGkiOiI1MzBhZWRjODI0ZTA0NGMxODkzOGJhNzI3Y2E4YmEzNCIsInVzZXJfaWQiOjE1fQ.Qx-Gn-RFBv9H-tYezWFiY2vSXD8r7gPOU5Lqd3eA_sk", "created_at": "2024-01-04T19:51:00.806Z", "expires_at": "2024-04-03T19:51:00Z"}}, {"model": "token_blacklist.outstandingtoken", "pk": 110, "fields": {"user": 11, "jti": "29c1a6e41e8b43b88c129e45948ed4d9", "token": "eyJhbGciOiJIUzI1NiIsInR5cCI6IkpXVCJ9.eyJ0b2tlbl90eXBlIjoicmVmcmVzaCIsImV4cCI6MTcxMjE3Mzg3NywiaWF0IjoxNzA0Mzk3ODc3LCJqdGkiOiIyOWMxYTZlNDFlOGI0M2I4OGMxMjllNDU5NDhlZDRkOSIsInVzZXJfaWQiOjExfQ.bRW6rgVkCLBBvtzmUwsE-zyQ3b5P8yqmXEic0pShnec", "created_at": "2024-01-04T19:51:17.272Z", "expires_at": "2024-04-03T19:51:17Z"}}, {"model": "token_blacklist.outstandingtoken", "pk": 111, "fields": {"user": 17, "jti": "057110a467c6426580d0bb00e5ca19d1", "token": "eyJhbGciOiJIUzI1NiIsInR5cCI6IkpXVCJ9.eyJ0b2tlbl90eXBlIjoicmVmcmVzaCIsImV4cCI6MTcxMjE3MzkyNSwiaWF0IjoxNzA0Mzk3OTI1LCJqdGkiOiIwNTcxMTBhNDY3YzY0MjY1ODBkMGJiMDBlNWNhMTlkMSIsInVzZXJfaWQiOjE3fQ.reA25_pRmzUndLV9sscuCciLlBQKS-ZXAIfC3Y9etyo", "created_at": "2024-01-04T19:52:05.158Z", "expires_at": "2024-04-03T19:52:05Z"}}, {"model": "token_blacklist.outstandingtoken", "pk": 112, "fields": {"user": 16, "jti": "e0a7fa09657c4615b15ceb9145dfd3bd", "token": "eyJhbGciOiJIUzI1NiIsInR5cCI6IkpXVCJ9.eyJ0b2tlbl90eXBlIjoicmVmcmVzaCIsImV4cCI6MTcxMjMzNTAxNSwiaWF0IjoxNzA0NTU5MDE1LCJqdGkiOiJlMGE3ZmEwOTY1N2M0NjE1YjE1Y2ViOTE0NWRmZDNiZCIsInVzZXJfaWQiOjE2fQ._POcyRvLcSO3GXLnvIkoe_HW5wn0mg2nD_1gL6YAN1g", "created_at": "2024-01-06T16:36:55.673Z", "expires_at": "2024-04-05T16:36:55Z"}}, {"model": "token_blacklist.outstandingtoken", "pk": 113, "fields": {"user": 11, "jti": "9980e56dbf474254b6788347c5e68716", "token": "eyJhbGciOiJIUzI1NiIsInR5cCI6IkpXVCJ9.eyJ0b2tlbl90eXBlIjoicmVmcmVzaCIsImV4cCI6MTcxMjM1Nzc4MywiaWF0IjoxNzA0NTgxNzgzLCJqdGkiOiI5OTgwZTU2ZGJmNDc0MjU0YjY3ODgzNDdjNWU2ODcxNiIsInVzZXJfaWQiOjExfQ.fORSM85o2UR3R3mwmqeJIsWjqw4xPSJfL6LD_xOUats", "created_at": "2024-01-06T22:56:23.686Z", "expires_at": "2024-04-05T22:56:23Z"}}, {"model": "token_blacklist.outstandingtoken", "pk": 114, "fields": {"user": 17, "jti": "8f3d53b25c9b49978c76aac56b34de2b", "token": "eyJhbGciOiJIUzI1NiIsInR5cCI6IkpXVCJ9.eyJ0b2tlbl90eXBlIjoicmVmcmVzaCIsImV4cCI6MTcxMjM1Nzc5MCwiaWF0IjoxNzA0NTgxNzkwLCJqdGkiOiI4ZjNkNTNiMjVjOWI0OTk3OGM3NmFhYzU2YjM0ZGUyYiIsInVzZXJfaWQiOjE3fQ.OaEwhhsgCeoUtAJvx5E3BwqTEeMeaRuxX5u3IqCSBTA", "created_at": "2024-01-06T22:56:30.402Z", "expires_at": "2024-04-05T22:56:30Z"}}, {"model": "token_blacklist.outstandingtoken", "pk": 115, "fields": {"user": 17, "jti": "0ea79977eb7b44f4aa7bbb7ed01a8a4b", "token": "eyJhbGciOiJIUzI1NiIsInR5cCI6IkpXVCJ9.eyJ0b2tlbl90eXBlIjoicmVmcmVzaCIsImV4cCI6MTcxMjM1NzkwMCwiaWF0IjoxNzA0NTgxOTAwLCJqdGkiOiIwZWE3OTk3N2ViN2I0NGY0YWE3YmJiN2VkMDFhOGE0YiIsInVzZXJfaWQiOjE3fQ.UpMmAsRgCazDdVmUSNhcUzdlPYcaQpiyGfOab_PWchY", "created_at": "2024-01-06T22:58:20.320Z", "expires_at": "2024-04-05T22:58:20Z"}}, {"model": "token_blacklist.outstandingtoken", "pk": 116, "fields": {"user": 16, "jti": "c847c21fc11544f9a1a97b98e5451e7a", "token": "eyJhbGciOiJIUzI1NiIsInR5cCI6IkpXVCJ9.eyJ0b2tlbl90eXBlIjoicmVmcmVzaCIsImV4cCI6MTcxMjM1NzkzMywiaWF0IjoxNzA0NTgxOTMzLCJqdGkiOiJjODQ3YzIxZmMxMTU0NGY5YTFhOTdiOThlNTQ1MWU3YSIsInVzZXJfaWQiOjE2fQ.xzMz1czlefNWewZh-MO79jqdDx8Bj9T4npgZflYLF4I", "created_at": "2024-01-06T22:58:53.137Z", "expires_at": "2024-04-05T22:58:53Z"}}, {"model": "token_blacklist.blacklistedtoken", "pk": 1, "fields": {"token": 1, "blacklisted_at": "2023-10-18T20:29:33.767Z"}}]
